"uid","mid","retweeted_status_mid","retweeted_uid","source","image","text","geo","created_at","deleted_last_seen","permission_denied","week","leng","deleteddateclean","diffindays","treat","created","textfactor","strata","weights","tendaybcensor","tendaybexist","tendaybpost","fivedaybcensor","fivedaybexist","fivedaybpost","tendayacensor","tendayaexist","tendayapost","fivedayacensor","fivedayaexist","fivedayapost","postratebefore","censoredratebefore","existratebefore","postrateafter","censoredrateafter","existrateafter","province","gender","verified","datefactor","censored"
"u02LGA5KW","mPowtfJVYx","mA36ZTVzBD","uW0E05IGH","新浪微博","0","高富帅领军人物。平平好高大啊。。大人找小民，才是伟光正。找这么多小个瘦子衬托高大呀这都谁跟谁呀？","","2012-12-22 18:16:13","","",51,48,"",NA,0,"2012-12-22","高富帅领军人物。平平好高大啊。。大人找小民，才是伟光正。找这么多小个瘦子衬托高大呀这都谁跟谁呀？",2095,1.5625,0.028169014084507,0.845070422535211,497,0.0170212765957447,0.897872340425532,235,0.0169779286926995,0.923599320882852,589,0.0211267605633803,0.887323943661972,284,708,0.0254237288135593,0.851694915254237,589,0.0169779286926995,0.923599320882852,37,"m",FALSE,"2012-12-22",0
"u0AGS4RKY","muyRF7AUgU","mkGXF0pOeJ","","新浪微博","0","领导人看见自己的名字被写成这样，作何感想？","","2012-08-23 12:12:33","2012-08-24 18:41:44.898595","True",34,21,"2012-08-24 18:41:44",1.2702662037037,1,"2012-08-23","领导人看见自己的名字被写成这样，作何感想？",1998,1,0,0.882352941176471,68,0,1,25,0.012987012987013,0.766233766233766,77,0,0.882352941176471,34,2258,0.00221434898139947,0.878210806023029,940,0.00851063829787234,0.35,11,"m",TRUE,"2012-08-23",1
"u0VP20X3Q","mppDTpQDMa","mQk7xee0U4","uZNJUBNJ1","新浪微博","0","谁敢和特警过不去，特警就和谁过不去。这个车的设计，就构成＂危害公共安全罪＂．出车检验，构成＂伪劣产品罪＂．可以对生产厂和使用者都进行行政处罚和刑事处罚．请两个全国人大代表和政协委员立即提案．","","2012-03-06 13:35:08","2012-03-07 00:52:09.544462","True",10,95,"2012-03-07 00:52:09",0.470150462962963,1,"2012-03-06","谁敢和特警过不去，特警就和谁过不去。这个车的设计，就构成＂危害公共安全罪＂．出车检验，构成＂伪劣产品罪＂．可以对生产厂和使用者都进行行政处罚和刑事处罚．请两个全国人大代表和政协委员立即提案．",1222,1,0,1,163,0,1,92,0.0188679245283019,0.783018867924528,106,0.0444444444444444,0.955555555555556,45,757,0,1,928,0.00862068965517241,0.741379310344828,11,"m",TRUE,"2012-03-06",1
"u0VPCHWH0","mu9ci22XSm","m6ENTyrzkI","uKPJPHF5V","360浏览器超速版","0","如果今日的那个最高只要穿上，带上，就足够了。","","2012-12-17 10:07:22","","",51,22,"",NA,0,"2012-12-17","如果今日的那个最高只要穿上，带上，就足够了。",3740,3.125,0.0231729055258467,0.944741532976827,561,0.0237529691211401,0.95249406175772,421,0.0129032258064516,0.937634408602151,930,0.00904977375565611,0.904977375565611,442,563,0.0230905861456483,0.9449378330373,1234,0.0145867098865478,0.939222042139384,400,"f",FALSE,"2012-12-17",0
"u0VPCHWH0","m1hGmwprB","mzq9S37aJV","uLUCEUT1G","Android客户端","0","他的不足是其位置导致的，如果真正由他来代表人民，社会早就变样了，人民早就舒心了！在有些人看来国家利益没有自己的利益重要！转发微博","","2012-12-23 17:57:45","","",51,64,"",NA,0,"2012-12-23","他的不足是其位置导致的，如果真正由他来代表人民，社会早就变样了，人民早就舒心了！在有些人看来国家利益没有自己的利益重要！转发微博",2438,1.5625,0.0123583934088568,0.929969104016478,971,0.00598802395209581,0.904191616766467,334,0.015625,0.9546875,640,0.00892857142857143,0.973214285714286,448,1200,0.0141666666666667,0.9325,640,0.015625,0.9546875,400,"f",FALSE,"2012-12-23",0
"u0VPCHWH0","mZw2YK4azw","mcDy5ka0c7","uZ32YXA23","Android客户端","0","表叔的一块表顶俺不吃不喝几年的工资啊！！","","2012-12-27 07:18:14","","",52,20,"",NA,0,"2012-12-27","表叔的一块表顶俺不吃不喝几年的工资啊！！",1001,1.5625,0.0129032258064516,0.937634408602151,930,0.0174291938997821,0.965141612200436,459,0.03125,0.911458333333333,192,0.03125,0.911458333333333,192,1659,0.0150693188667872,0.941531042796866,192,0.03125,0.911458333333333,400,"f",FALSE,"2012-12-27",0
"u0VPHROLR","mf6nevLBs9","mnzEyVz4vD","uRLODKDZ4","iPad客户端","0","学打一个新词：八老！带领咱们向钱进！嘿！向钱进！哦老革命家族富豪排行榜吧…我截图了…嘿嘿嘿…说革命先烈和他们的子孙们。","","2012-12-28 16:24:19","","True",52,59,"",NA,1,"2012-12-28","学打一个新词：八老！带领咱们向钱进！嘿！向钱进！哦老革命家族富豪排行榜吧…我截图了…嘿嘿嘿…说革命先烈和他们的子孙们。",3815,1,0.0337972166998012,0.878727634194831,503,0.0407523510971787,0.862068965517241,319,0.0196078431372549,0.941176470588235,51,0.0196078431372549,0.941176470588235,51,976,0.0338114754098361,0.843237704918033,51,0.0196078431372549,0.941176470588235,100,"m",FALSE,"2012-12-28",1
"u0YUDHKJP","mvRASyvhlA","","","云中小鸟","1","睡睡白面膜帖——光甘草定+熊果苷+原花青素，天然植物美白~~用后的感受：1、睡一觉就变白，效果很明显；2、精华非常多，但是丝毫不油腻；3、毛孔细致莹润，肌肤非常白皙、光泽！详细介绍戳这里：【】","","2012-12-05 12:10:05","","True",49,96,"",NA,1,"2012-12-05","睡睡白面膜帖——光甘草定+熊果苷+原花青素，天然植物美白~~用后的感受：1、睡一觉就变白，效果很明显；2、精华非常多，但是丝毫不油腻；3、毛孔细致莹润，肌肤非常白皙、光泽！详细介绍戳这里：【】",492,1,0,1,383,0,1,184,0,0.621409921671018,383,0,0.730496453900709,141,7630,0,0.999868938401049,596,0,0.605704697986577,11,"f",FALSE,"2012-12-05",1
"u1CIIGS05","m4YGwmeMic","mQFi7Sd2lp","u5KYRTTZJ","新浪微博","0","回复这个还能有假的？不但是外国人、中国的有少知识分子也呼吁了@贺卫方、@北京崔卫平、许志勇…真的？？","","2012-12-06 22:41:43","2012-12-07 02:54:54.489950","True",49,50,"2012-12-07 02:54:54",0.175821759259259,1,"2012-12-06","回复这个还能有假的？不但是外国人、中国的有少知识分子也呼吁了@贺卫方、@北京崔卫平、许志勇…真的？？",3374,1,0.00772200772200772,0.934362934362934,518,0.015748031496063,0.968503937007874,254,0.00539083557951483,0.943396226415094,742,0.00304878048780488,0.978658536585366,328,581,0.00688468158347676,0.941480206540448,1744,0.00630733944954128,0.948967889908257,43,"m",FALSE,"2012-12-06",1
"u1CIXEWT1","m3etXIzDwh","mzHPMFvfnx","","新浪微博","0","请求大家一起转发。呼吁人大代表们亮出自己的良知，让这个不作为的最高人民法院知道无辜的人是不能杀的，冤案是必须纠正的，死扛不纠是要受到惩罚的。转发微博","","2012-03-06 18:50:17","","",10,74,"",NA,0,"2012-03-06","请求大家一起转发。呼吁人大代表们亮出自己的良知，让这个不作为的最高人民法院知道无辜的人是不能杀的，冤案是必须纠正的，死扛不纠是要受到惩罚的。转发微博",1180,1.04166666666667,0,1,135,0,1,43,0,1,98,0,1,58,154,0,1,3586,0.00725041829336308,0.761851645287228,11,"m",TRUE,"2012-03-06",0
"u1CRBFLNM","mtH1TYuPre","mpGACfzKjl","uJ2YYTIWY","新浪微博","0","请大家响应中央号召，举报贪腐嫌疑人，黑社会的大靠山:重庆表叔！","","2012-12-27 12:46:18","","",52,31,"",NA,0,"2012-12-27","请大家响应中央号召，举报贪腐嫌疑人，黑社会的大靠山:重庆表叔！",1165,1.5625,0.0568181818181818,0.920454545454545,88,0.125,0.875,40,NA,NA,0,NA,NA,0,105,0.0476190476190476,0.838095238095238,0,NA,NA,400,"m",FALSE,"2012-12-27",0
"u1CRYRYIL","mcXQmpKZEr","m9INBOzhYk","u0VP4SKVU","新浪微博","0","历史的先生。反动言论，举报一个。呵呵","","2012-12-23 20:46:33","2012-12-23 22:14:31.880891","True",51,18,"2012-12-23 22:14:31",0.061087962962963,1,"2012-12-23","历史的先生。反动言论，举报一个。呵呵",3037,1,0.0146137787056367,0.939457202505219,479,0.0131578947368421,0.925438596491228,228,0.0233545647558386,0.976645435244161,471,0.0326086956521739,0.967391304347826,276,1194,0.0100502512562814,0.937185929648241,471,0.0233545647558386,0.976645435244161,37,"m",FALSE,"2012-12-23",1
"u351QICGU","mVQgnRevQI","mEjSHyTlgb","uZNJUBLKD","iPhone客户端","0","高官被殴打致死，需要更多人殉葬要说助威，和周红敏一起吃饭的辽宁省公安厅的某处长及其他公安厅助威人员怎么没事？司法实务称之为“站脚助威”帮助犯，其实真没法律依据！回复这到是。可这个距离是7、8米啊","","2012-12-25 23:41:03","","",52,97,"",NA,0,"2012-12-25","高官被殴打致死，需要更多人殉葬要说助威，和周红敏一起吃饭的辽宁省公安厅的某处长及其他公安厅助威人员怎么没事？司法实务称之为“站脚助威”帮助犯，其实真没法律依据！回复这到是。可这个距离是7、8米啊",2092,1.5625,0,1,121,0,1,46,0,1,76,0,1,68,6447,0,1,76,0,1,400,"m",FALSE,"2012-12-25",0
"u351WZHTX","mAMiQsKYpB","m4h4is3Cb7","uFAJESVX","新浪微博","0","置顶微博谁能告诉我？什么话我不可以说？凭什么删我的帖？@于建嵘","","2012-12-23 21:20:01","","",51,31,"",NA,0,"2012-12-23","置顶微博谁能告诉我？什么话我不可以说？凭什么删我的帖？@于建嵘",755,1.5625,0.0170940170940171,0.858119658119658,585,0.0248756218905473,0.830845771144279,201,0.0209125475285171,0.908745247148289,526,0.0233918128654971,0.912280701754386,342,2609,0.00613261786124952,0.931774626293599,526,0.0209125475285171,0.908745247148289,11,"m",FALSE,"2012-12-23",0
"u351ZNHNS","mQWnBt5KLq","mzHPMFvfnx","uS5WHBQ5F","新浪微博","0","请求大家一起转发。呼吁人大代表们亮出自己的良知，让这个不作为的最高人民法院知道无辜的人是不能杀的，冤案是必须纠正的，死扛不纠是要受到惩罚的。转发微博","","2012-03-06 18:43:27","2012-03-08 16:42:35.304447","True",10,74,"2012-03-08 16:42:35",1.91606481481481,1,"2012-03-06","请求大家一起转发。呼吁人大代表们亮出自己的良知，让这个不作为的最高人民法院知道无辜的人是不能杀的，冤案是必须纠正的，死扛不纠是要受到惩罚的。转发微博",1180,1,0,0.990384615384615,104,0,0.972972972972973,37,0,0.90625,96,0,0.87037037037037,54,1145,0,0.999126637554585,2603,0.000768344218209758,0.716096811371494,11,"m",TRUE,"2012-03-06",1
"u35UP51CD","m79XiUEPjc","mQWB3DjCE4","u0VPJOJIQ","新浪微博","0","當官不撈錢、不如回家望星空；每逢換屆狗咬狗、換刀換血又十年⋯","","2012-12-27 18:29:15","2012-12-27 21:19:58.858705","True",52,30,"2012-12-27 21:19:58",0.118553240740741,1,"2012-12-27","當官不撈錢、不如回家望星空；每逢換屆狗咬狗、換刀換血又十年⋯",386,1,0.0104166666666667,0.958333333333333,288,0.0104166666666667,0.958333333333333,288,0,0.95,120,0,0.95,120,288,0.0104166666666667,0.958333333333333,120,0,0.95,11,"f",FALSE,"2012-12-27",1
"u35UTTRKV","mEjSWrXpRY","mA36ZTVzBD","uW0E05IGH","新浪微博","0","高富帅领军人物。平平好高大啊。。大人找小民，才是伟光正。找这么多小个瘦子衬托高大呀这都谁跟谁呀？","","2012-12-22 18:18:13","2012-12-23 14:21:33.838548","True",51,48,"2012-12-23 14:21:33",0.835648148148148,1,"2012-12-22","高富帅领军人物。平平好高大啊。。大人找小民，才是伟光正。找这么多小个瘦子衬托高大呀这都谁跟谁呀？",2095,1,0.0120845921450151,0.945619335347432,331,0.0147058823529412,0.952205882352941,272,0.0314606741573034,0.966292134831461,445,0.0510948905109489,0.941605839416058,137,332,0.0120481927710843,0.94578313253012,445,0.0314606741573034,0.966292134831461,34,"m",FALSE,"2012-12-22",1
"u3FS2YSXP","mnzVrSAcAW","mkGsWh1M0K","uB4H2IGZF","专业版微博","0","该绳之以法。这就是＂爱国暴民＂的杰作！","","2012-09-16 14:15:40","2012-09-17 02:42:41.686821","True",37,19,"2012-09-17 02:42:41",0.518761574074074,1,"2012-09-16","该绳之以法。这就是＂爱国暴民＂的杰作！",1124,1,0,0.984536082474227,194,0,0.985714285714286,70,0,0.927335640138408,289,0,1,31,6830,0,0.986237188872621,4807,0,0.987518202621177,44,"m",TRUE,"2012-09-16",1
"u3FSPWDTH","mpb723jm4E","m0WCY3qiTP","uS5WEIWSD","新浪微博","0","白天瞎JB忙，晚上JB瞎忙....","","2012-12-29 13:04:12","2012-12-29 22:59:32.060166","True",52,17,"2012-12-29 22:59:32",0.413425925925926,1,"2012-12-29","白天瞎JB忙，晚上JB瞎忙....",390,1,0.05,0.805,200,0.0642201834862385,0.880733944954128,109,0.0952380952380952,0.666666666666667,21,0.0952380952380952,0.666666666666667,21,515,0.029126213592233,0.677669902912621,21,0.0952380952380952,0.666666666666667,400,"m",FALSE,"2012-12-29",1
"u3FTEUUDL","mEjSYlSiCE","mvRZ7UsdJI","u1CR2T0OF","投票","0","我投给了不同意加强网络管控这个选项。","","2012-12-21 21:02:57","","",51,18,"",NA,0,"2012-12-21","我投给了不同意加强网络管控这个选项。",4405,1.5625,0.0069204152249135,0.97923875432526,289,0.0069204152249135,0.97923875432526,289,0.04644412191582,0.944847605224964,689,0.0294117647058824,0.943627450980392,408,333,0.00600600600600601,0.981981981981982,689,0.04644412191582,0.944847605224964,61,"m",FALSE,"2012-12-21",0
"u3FTU1L3F","mCVfr8IjyC","","","iPhone客户端","1","【温家宝之子出任中国卫通董事长】中国卫星通信集团公司召开董事会，选举温云松担任董事长。中国卫通是国资委管理的央企，中国六大电信运营商之一。据悉到2015年，其营收将达160亿元，成为亚洲最大、世界一流的卫星运营公司。称，温云松为中国总理温家宝之子。","","2012-02-22 09:57:03","","",8,124,"",NA,0,"2012-02-22","【温家宝之子出任中国卫通董事长】中国卫星通信集团公司召开董事会，选举温云松担任董事长。中国卫通是国资委管理的央企，中国六大电信运营商之一。据悉到2015年，其营收将达160亿元，成为亚洲最大、世界一流的卫星运营公司。称，温云松为中国总理温家宝之子。",227,0.78125,0,1,215,0,1,90,0,0.99702380952381,336,0,1,149,1222,0,1,7469,0.000133886731824876,0.985406346231088,33,"m",TRUE,"2012-02-22",0
"u3FTXHNOD","mUEiRbTarG","m1fqHbjQB","","新浪微博","0","越来越有出息了，已经发展到和残疾人士打架了⋯⋯","","2012-07-18 21:59:16","2012-07-19 16:11:30.241863","True",29,23,"2012-07-19 16:11:30",0.75849537037037,1,"2012-07-18","越来越有出息了，已经发展到和残疾人士打架了⋯⋯",1278,1,0.0145454545454545,0.669090909090909,275,0.0307692307692308,0.761538461538461,130,0.0269230769230769,0.680769230769231,260,0.00819672131147541,0.819672131147541,122,1679,0.00595592614651578,0.715306730196546,2132,0.0121951219512195,0.403846153846154,31,"m",TRUE,"2012-07-18",1
"u3JLPK5PD","mfoo41ZFyX","mNTZOxvy1q","uFAYBSPT","新浪微博","0","不管他的后台多硬，全国人民是不会答应的，也不就罢休的","","2012-12-30 21:35:08","","",52,26,"",NA,0,"2012-12-30","不管他的后台多硬，全国人民是不会答应的，也不就罢休的",207,1.5625,0.029126213592233,0.981391585760518,1236,0.0312989045383412,0.976525821596244,639,NA,NA,0,NA,NA,0,1622,0.0246609124537608,0.980887792848335,0,NA,NA,43,"m",FALSE,"2012-12-30",0
"u3JLPK5PD","mQWBR4ain6","m2XUdDRFcF","uW0EYLCST","新浪微博","0","赶走薄王好戴表。何局今天真是坐立难安心忐忑啊！心中有鬼才会运用势力删帖！转一个删发一个删，再删就干他娘北方爆粗口","","2012-12-26 18:28:11","","",52,56,"",NA,0,"2012-12-26","赶走薄王好戴表。何局今天真是坐立难安心忐忑啊！心中有鬼才会运用势力删帖！转一个删发一个删，再删就干他娘北方爆粗口",1259,1.5625,0.0203458799593082,0.983723296032553,983,0.027027027027027,0.986486486486487,518,0.0403225806451613,0.967741935483871,496,0.0403225806451613,0.967741935483871,496,983,0.0203458799593082,0.983723296032553,496,0.0403225806451613,0.967741935483871,43,"m",FALSE,"2012-12-26",0
"u5KK24XNQ","m2gmEJKC1W","mFLDsezodh","uP2ZBH2NK","新浪微博","0","这条我通过不断的删减，只发了6次就发出来了。事实证明我们比朝鲜好多了，不是独裁国家。","","2012-12-16 17:36:59","","",50,42,"",NA,0,"2012-12-16","这条我通过不断的删减，只发了6次就发出来了。事实证明我们比朝鲜好多了，不是独裁国家。",1657,1.5625,0.027027027027027,0.837837837837838,111,0.0491803278688525,0.967213114754098,61,NA,NA,0,NA,NA,0,111,0.027027027027027,0.837837837837838,0,NA,NA,400,"m",FALSE,"2012-12-16",0
"u5KYQF03K","mu9J0Rx92F","","","新浪微博","1","他们是：日本天皇，美国总统，中国市长。。。。。。。","","2012-04-14 17:59:40","","True",15,25,"",NA,1,"2012-04-14","他们是：日本天皇，美国总统，中国市长。。。。。。。",2401,1,0,1,3,0,1,1,0,1,429,0,1,121,20,0,1,5853,0.00461301896463352,0.913036049888946,51,"m",FALSE,"2012-04-14",1
"u5KYUOFV1","m6E6N7WuxV","","","皮皮时光机","1","观众和媒体质疑《泰坦尼克号》中Rose裸身让Jack作画的情节1998年在大陆上映时没有被删除、2012年上映却被删除，近日广电总局终于对此给出了解释：“考虑到3D电影的特殊性，我们担心播放此片段时观众会伸手去摸，打到前排观众的头，造成纠纷。出于建设精神文明社会的考虑，我们决定删除此片段。","","2012-04-08 21:00:18","","",14,145,"",NA,0,"2012-04-08","观众和媒体质疑《泰坦尼克号》中Rose裸身让Jack作画的情节1998年在大陆上映时没有被删除、2012年上映却被删除，近日广电总局终于对此给出了解释：“考虑到3D电影的特殊性，我们担心播放此片段时观众会伸手去摸，打到前排观众的头，造成纠纷。出于建设精神文明社会的考虑，我们决定删除此片段。",1046,0.142045454545455,0,1,57,0,1,21,0,1,72,0,1,43,113,0,1,2425,0,1,32,"f",FALSE,"2012-04-08",0
"u5KYVWJPK","mdZsArNZ8a","mCV085Utid","uK3RRIB3N","Weico.iPhone版","0","这样的事，我们难道不应该认真的反省吗？在那场空前绝后的大饥荒中，河南、四川的情况最为严重，这其中固然有人口的因素，但更重要的还是取决于当地的一把手。记住这两个人：河南的吴芝圃，四川的李井泉。","","2012-02-05 09:03:39","","",5,95,"",NA,0,"2012-02-05","这样的事，我们难道不应该认真的反省吗？在那场空前绝后的大饥荒中，河南、四川的情况最为严重，这其中固然有人口的因素，但更重要的还是取决于当地的一把手。记住这两个人：河南的吴芝圃，四川的李井泉。",1662,1.5625,0,1,83,0,1,37,0,1,114,0,1,63,531,0,1,10772,0.00222799851466766,0.938265874489417,11,"m",TRUE,"2012-02-05",0
"u5KYVWJPK","mptMyhCN75","","","Android客户端","0","【驾驶证新规】2013年1月1日施行：1、闯红灯，记6分，罚100元。2、酒驾，5年内不得再考取驾照。3、不系安全带，记3分，罚100元。4、副驾不系安全带，记1分，罚50元。5、行驶途中拨打手机，记3分，罚100元。6、行驶途中抽烟，记1分，罚100元。7、有意遮挡号牌，记12分，顶额处罚。8、超速驾驶，记6分。","","2012-10-14 01:26:03","","",41,158,"",NA,0,"2012-10-14","【驾驶证新规】2013年1月1日施行：1、闯红灯，记6分，罚100元。2、酒驾，5年内不得再考取驾照。3、不系安全带，记3分，罚100元。4、副驾不系安全带，记1分，罚50元。5、行驶途中拨打手机，记3分，罚100元。6、行驶途中抽烟，记1分，罚100元。7、有意遮挡号牌，记12分，顶额处罚。8、超速驾驶，记6分。",2050,1.5625,0,0.692,250,0,0.65546218487395,119,0,0.918367346938776,147,0,1,25,9412,0.0023374415639609,0.937739056523587,1908,0.0010482180293501,0.958595387840671,11,"m",TRUE,"2012-10-14",0
"u5KYVWJPK","m2D4mXKrz1","","","新浪微博","0","记者采访了某市民：＂你觉得神舟九号的发射成功说明了什么？＂市民：＂说明了我国解决教育问题、住房问题、医疗问题、食品安全问题比登天还难！＂","","2012-06-22 08:10:15","","True",25,68,"",NA,1,"2012-06-22","记者采访了某市民：＂你觉得神舟九号的发射成功说明了什么？＂市民：＂说明了我国解决教育问题、住房问题、医疗问题、食品安全问题比登天还难！＂",1098,1,0,1,385,0,1,135,0,0.946695095948827,469,0,0.916666666666667,156,4769,0,0.99203187250996,6490,0.00354391371340524,0.903389830508475,11,"m",TRUE,"2012-06-22",1
"uAHF5QFXM","mAMinN1r2C","mQWB3DjCE4","u0VPJOJIQ","新浪微博","0","當官不撈錢、不如回家望星空；每逢換屆狗咬狗、換刀換血又十年⋯","","2012-12-27 20:45:07","","",52,30,"",NA,0,"2012-12-27","當官不撈錢、不如回家望星空；每逢換屆狗咬狗、換刀換血又十年⋯",386,1.5625,0.0233160621761658,0.94300518134715,386,0.0416666666666667,0.958333333333333,24,0.0176991150442478,0.973451327433628,226,0.0176991150442478,0.973451327433628,226,643,0.015552099533437,0.964230171073095,226,0.0176991150442478,0.973451327433628,42,"m",FALSE,"2012-12-27",0
"uAHFQZNMD","mkpByGhoKo","mrAXp6SJq1","uAHFQZNMD","iPad客户端","0","王登朝老婆:深圳警察王登朝，今年3月初在深圳莲花山公园组织一个宣传民主的集会，被当局重判14年。王登朝专门贷款50万筹办这次民主聚会，这个绝对是全国首创。初步了解印制了大量文化衫，标语，还请人上街派传单，宣传等，原计划集会现场数千人。现地址：深圳市罗湖看守所","","2012-12-26 02:10:28","","",52,129,"",NA,0,"2012-12-26","王登朝老婆:深圳警察王登朝，今年3月初在深圳莲花山公园组织一个宣传民主的集会，被当局重判14年。王登朝专门贷款50万筹办这次民主聚会，这个绝对是全国首创。初步了解印制了大量文化衫，标语，还请人上街派传单，宣传等，原计划集会现场数千人。现地址：深圳市罗湖看守所",301,0.520833333333333,0.0816326530612245,0.918367346938776,49,0.0816326530612245,0.918367346938776,49,0,0.971428571428571,105,0,0.971428571428571,105,49,0.0816326530612245,0.918367346938776,105,0,0.971428571428571,44,"f",FALSE,"2012-12-26",0
"uB4G1E3MG","mcrxeTMXYn","mEj6Ctos2Y","uDG02K5BK","iPhone客户端","0","科技无边界。这照片有点可笑！网络是愚民之术的致命天敌！！！！原始积累。很多曾经光彩耀人的历史今天却是某些人、某些制度不堪的耻辱。","","2012-03-02 07:41:18","","",9,64,"",NA,0,"2012-03-02","科技无边界。这照片有点可笑！网络是愚民之术的致命天敌！！！！原始积累。很多曾经光彩耀人的历史今天却是某些人、某些制度不堪的耻辱。",540,0.78125,0,1,211,0,1,59,0.0201342281879195,0.973154362416107,149,0.04,0.96,75,681,0,1,4134,0.00217706821480406,0.825834542815675,53,"m",TRUE,"2012-03-02",0
"uB4H2CXHT","m2rSPvQ5Pv","","","新浪微博","1","【消息称大连实德董事长徐明遭中纪委调查建行追缴贷款】据财经国家新闻网消息，3月15日晚间，大连实德集团有限公司董事长徐明因涉嫌经济案件被相关部门控制，建行已经开始追缴实德的贷款，并对其全面停贷。大连实德突然遭遇生死一役！","","2012-03-31 11:20:44","","",13,110,"",NA,0,"2012-03-31","【消息称大连实德董事长徐明遭中纪委调查建行追缴贷款】据财经国家新闻网消息，3月15日晚间，大连实德集团有限公司董事长徐明因涉嫌经济案件被相关部门控制，建行已经开始追缴实德的贷款，并对其全面停贷。大连实德突然遭遇生死一役！",203,1.5625,0,1,334,0,1,175,0,1,268,0,1,109,2267,0,1,8994,0,0.992884144985546,34,"m",TRUE,"2012-03-31",0
"uB4HJTW3M","mzHjVHmAvV","mNTZOxvy1q","uFAYBSPT","新浪微博","0","除非他有勇气断腕啊！如此疯狂删表哥图片，让百姓更加确信，何表哥上面有人","","2012-12-30 17:46:59","","True",52,35,"",NA,1,"2012-12-30","除非他有勇气断腕啊！如此疯狂删表哥图片，让百姓更加确信，何表哥上面有人",1930,1,0.0323076923076923,0.94,650,0.036144578313253,0.933734939759036,332,NA,NA,0,NA,NA,0,1536,0.037109375,0.929036458333333,0,NA,NA,43,"m",FALSE,"2012-12-30",1
"uB4HJTW3M","mNpzZ8IT4H","mNTZOxvy1q","uFAYBSPT","新浪微博","0","不管他的后台多硬，全国人民是不会答应的，也不就罢休的","","2012-12-30 21:27:14","2012-12-31 07:02:05.258546","True",52,26,"2012-12-31 07:02:05",0.399201388888889,1,"2012-12-30","不管他的后台多硬，全国人民是不会答应的，也不就罢休的",207,1,0.0323076923076923,0.94,650,0.036144578313253,0.933734939759036,332,NA,NA,0,NA,NA,0,1536,0.037109375,0.929036458333333,0,NA,NA,43,"m",FALSE,"2012-12-30",1
"uB4HPJXTL","m2gmIq3bzj","","","新浪微博","1","睡睡白面膜帖——光甘草定+熊果苷+原花青素，天然植物美白~~用后的感受：1、睡一觉就变白，效果很明显；2、精华非常多，但是丝毫不油腻；3、毛孔细致莹润，肌肤非常白皙、光泽！详细介绍戳这里：【】","","2012-12-05 12:04:33","","",49,96,"",NA,0,"2012-12-05","睡睡白面膜帖——光甘草定+熊果苷+原花青素，天然植物美白~~用后的感受：1、睡一觉就变白，效果很明显；2、精华非常多，但是丝毫不油腻；3、毛孔细致莹润，肌肤非常白皙、光泽！详细介绍戳这里：【】",492,1.5625,0,1,205,0,1,89,0,1,121,0,1,44,3064,0,1,261,0,1,100,"f",FALSE,"2012-12-05",0
"uB5F0XRUI","mEjZOdMPXa","mc9Ear74Iv","","新浪微博","0","【微无语】广告牌上的北京精神，顿时黯然失色……","","2012-07-19 21:25:58","2012-07-20 19:33:52.412277","True",29,23,"2012-07-20 19:33:52",0.922152777777778,1,"2012-07-19","【微无语】广告牌上的北京精神，顿时黯然失色……",4133,1,0,0.910994764397906,191,0,1,62,0,0.994219653179191,173,0,0.986301369863014,73,3075,0.00422764227642276,0.844552845528455,1720,0.022093023255814,0.591279069767442,33,"m",FALSE,"2012-07-19",1
"uB5N4FWW3","mkGIbGdaqG","","","新浪微博手机版","0","改变命运的三种方法：读书，坐头等舱，唱民歌。","","2012-11-15 12:32:44","","",46,22,"",NA,0,"2012-11-15","改变命运的三种方法：读书，坐头等舱，唱民歌。",4675,1.5625,0,1,21,0,1,21,0,1,68,0,1,22,3165,0,1,290,0,1,400,"m",FALSE,"2012-11-15",0
"uBIB4IY2L","mTSnJVMtvc","","","新浪微博","1","改革开放后，他做过两届总理，一任总书记，7年前的今天辞世。当年，有一挽联：青史留名人心自在小朝廷何足道哉，难为汉相宁做楚囚大丈夫无所谓了。","","2012-01-17 23:05:34","","",3,69,"",NA,0,"2012-01-17","改革开放后，他做过两届总理，一任总书记，7年前的今天辞世。当年，有一挽联：青史留名人心自在小朝廷何足道哉，难为汉相宁做楚囚大丈夫无所谓了。",4678,1.5625,0,1,358,0,1,214,0,1,285,0,1,204,585,0,1,5338,0.000374672161858374,0.93312101910828,11,"f",TRUE,"2012-01-17",0
"uBIBFWJQL","m7K9zTjSIR","mjBCGTaxqT","uVGJJ1DB0","iPhone客户端","0","代表们，和你们说实话。这条如果通过了，你们自己麻烦大。异地监视居住实质是双规合法化和扩大化。双规仅针对党员，异地监视居住针对国民。表面上只针对本地无居所的人，实际上朝阳区公安可以将我关进黑牢，因为我居所在海淀！","","2012-03-08 18:58:30","2012-03-10 14:22:27.256008","True",10,105,"2012-03-10 14:22:27",1.80829861111111,1,"2012-03-08","代表们，和你们说实话。这条如果通过了，你们自己麻烦大。异地监视居住实质是双规合法化和扩大化。双规仅针对党员，异地监视居住针对国民。表面上只针对本地无居所的人，实际上朝阳区公安可以将我关进黑牢，因为我居所在海淀！",2446,1,0,0.987096774193548,155,0,0.947368421052632,38,0,1,55,0,1,37,795,0,0.99748427672956,1845,0.0021680216802168,0.843360433604336,11,"m",TRUE,"2012-03-08",1
"uBIBPG1J3","mu9tsoYtsX","","","iPhone客户端","1","【驾驶证新规】2013年1月1日施行：1、闯红灯，记6分，罚100元。2、酒驾，5年内不得再考取驾照。3、不系安全带，记3分，罚100元。4、副驾不系安全带，记1分，罚50元。5、行驶途中拨打手机，记3分，罚100元。6、行驶途中抽烟，记1分，罚100元。7、有意遮挡号牌，记12分，顶额处罚。8、超速驾驶，记6分。","","2012-10-14 09:30:25","","True",41,158,"",NA,1,"2012-10-14","【驾驶证新规】2013年1月1日施行：1、闯红灯，记6分，罚100元。2、酒驾，5年内不得再考取驾照。3、不系安全带，记3分，罚100元。4、副驾不系安全带，记1分，罚50元。5、行驶途中拨打手机，记3分，罚100元。6、行驶途中抽烟，记1分，罚100元。7、有意遮挡号牌，记12分，顶额处罚。8、超速驾驶，记6分。",2050,1,0,0.733050847457627,236,0,0.590277777777778,144,0,0.306010928961749,183,0,0.320388349514563,103,8508,0.000235072872590503,0.858368594264222,1740,0,0.379885057471264,31,"m",TRUE,"2012-10-14",1
"uBKZRMICC","muy33Hfqkn","mxAtzNBfDz","uR1WBBF0O","新浪微博","0","【跨省毁报，是对中国新闻界的肆意践踏】几十万份报纸被废印厂，监督公权的新闻调查遭遇封杀。请全中国70万新闻记者一起呼吁，此风不可长！否则无新闻！","","2012-10-09 15:44:21","","",41,72,"",NA,0,"2012-10-09","【跨省毁报，是对中国新闻界的肆意践踏】几十万份报纸被废印厂，监督公权的新闻调查遭遇封杀。请全中国70万新闻记者一起呼吁，此风不可长！否则无新闻！",1289,1.5625,0,0.0277777777777778,36,0,0,13,0.027027027027027,0,37,0,0,18,1022,0.00293542074363992,0.679060665362035,246,0.0203252032520325,0.414634146341463,44,"m",TRUE,"2012-10-09",0
"uCBT31UMS","mqePdrLZ2B","mvRZdKU4TE","uAHFPSHS2","360安全浏览器","0","哈哈，雷某些人。再转！这张照片说明了是哪部分再害怕网络。网络","","2012-12-22 11:45:02","","",51,30,"",NA,0,"2012-12-22","哈哈，雷某些人。再转！这张照片说明了是哪部分再害怕网络。网络",3281,1.5625,0.018887722980063,0.943336831059811,953,0.0079155672823219,0.944591029023747,379,0.0218579234972678,0.972677595628415,732,0.0255754475703325,0.969309462915601,391,971,0.0185375901132853,0.944387229660144,732,0.0218579234972678,0.972677595628415,14,"m",FALSE,"2012-12-22",0
"uCBT31UMS","mdZ5q8G9Er","m6ENTyrzkI","uKPJPHF5V","360安全浏览器","0","如果今日的那个最高只要穿上，带上，就足够了。","","2012-12-17 08:25:28","2012-12-17 10:28:41.829173","True",51,22,"2012-12-17 10:28:41",0.0855671296296296,1,"2012-12-17","如果今日的那个最高只要穿上，带上，就足够了。",3740,1,0.0271966527196653,0.95397489539749,478,0.0271966527196653,0.95397489539749,478,0.0171821305841924,0.95418098510882,873,0.0079155672823219,0.944591029023747,379,496,0.0262096774193548,0.955645161290323,1214,0.0172981878088962,0.960461285008237,14,"m",FALSE,"2012-12-17",1
"uCBT5X5P1","mQFi7Tiq5l","mQFi7Sd2lp","u5KYRTTZJ","新浪微博","0","回复这个还能有假的？不但是外国人、中国的有少知识分子也呼吁了@贺卫方、@北京崔卫平、许志勇…真的？？","","2012-12-06 19:40:59","","",49,50,"",NA,0,"2012-12-06","回复这个还能有假的？不但是外国人、中国的有少知识分子也呼吁了@贺卫方、@北京崔卫平、许志勇…真的？？",3374,1.5625,0.0238095238095238,0.988095238095238,84,0.0238095238095238,0.988095238095238,84,0.03125,0.921875,256,0.0446927374301676,0.893854748603352,179,97,0.0206185567010309,0.989690721649485,256,0.03125,0.921875,14,"m",FALSE,"2012-12-06",0
"uDG0SV2AT","mTSR2NkvAt","","","新浪微博","1","【东方洪】金庸的最后两部小说《笑傲江湖》和《鹿鼎记》写于1967——1969年文革期间。其中两位邪教头目：东方不败和洪安通━━“东方洪”。东方不败夺得大权，无心处理教务，任由部下杨莲亭胡作非为，不予理睬。洪安通杀人不眨眼，与雅克萨的沙俄军官勾结,喜听奉承，参见他祝他“仙福永享，寿与天齐”","","2012-05-23 15:08:56","","",21,144,"",NA,0,"2012-05-23","【东方洪】金庸的最后两部小说《笑傲江湖》和《鹿鼎记》写于1967——1969年文革期间。其中两位邪教头目：东方不败和洪安通━━“东方洪”。东方不败夺得大权，无心处理教务，任由部下杨莲亭胡作非为，不予理睬。洪安通杀人不眨眼，与雅克萨的沙俄军官勾结,喜听奉承，参见他祝他“仙福永享，寿与天齐”",712,1.5625,0,1,30,0,1,18,0,1,5,0,1,2,87,0,1,25,0,1,400,"m",FALSE,"2012-05-23",0
"uDGURJQFB","mCVfLto9bx","","","新浪微博","1","香港举行反贪大游行，民众高喊“反贪污，抓特首”！","","2012-02-27 11:52:49","","True",9,24,"",NA,1,"2012-02-27","香港举行反贪大游行，民众高喊“反贪污，抓特首”！",2016,1,0,1,269,0,1,108,0,1,223,0,1,102,1702,0,1,6732,0.0047534165181224,0.907902554961379,11,"f",FALSE,"2012-02-27",1
"uDSGJCCE","mevEApEods","m7MJhNjdfqI","uLUCBVFGW","iPhone客户端","0","难怪社会无诚信。实事求是，但有事改画。","","2012-04-30 21:56:16","2012-05-01 17:38:01.530913","True",18,19,"2012-05-01 17:38:01",0.820659722222222,1,"2012-04-30","难怪社会无诚信。实事求是，但有事改画。",1936,1,0,0.965909090909091,176,0,0.948717948717949,117,0.0072202166064982,0.985559566787004,277,0.0125,0.975,160,1796,0,0.996659242761693,3293,0.00759186152444579,0.806255693896143,11,"m",TRUE,"2012-04-30",1
"uDSKY12K","mAMit2xRFF","mNpz0ri53Q","uZDQIHPBS","360安全浏览器","0","【已有70多人签名】张思之@贺卫方@何兵@叶匡政徐友渔等……","","2012-12-27 11:58:12","","True",52,30,"",NA,1,"2012-12-27","【已有70多人签名】张思之@贺卫方@何兵@叶匡政徐友渔等……",3975,1,0.027906976744186,0.813953488372093,215,0.0272108843537415,0.782312925170068,147,0.0131578947368421,0.671052631578947,76,0.0131578947368421,0.671052631578947,76,14502,0.00489587643083713,0.946352227278996,76,0.0131578947368421,0.671052631578947,44,"m",TRUE,"2012-12-27",1
"uDSKY12K","mU5NxC7mu7","mkGXF0pOeJ","","新浪微博","0","领导人看见自己的名字被写成这样，作何感想？","","2012-08-23 12:09:40","","",34,21,"",NA,0,"2012-08-23","领导人看见自己的名字被写成这样，作何感想？",1998,1.5625,0,1,624,0,1,186,0.00130548302872063,0.996083550913838,766,0,0.993846153846154,325,8933,0.00156722265756185,0.979961938878316,5580,0.010573476702509,0.884587813620072,44,"m",TRUE,"2012-08-23",0
"uDZPXBBI3","mu9cFsODWA","mcXQWrpDyI","uMMSC4MV5","新浪微博","0","我只知道公租房都会通轻轨，这在别处还有么","","2012-12-24 22:28:00","","True",52,20,"",NA,1,"2012-12-24","我只知道公租房都会通轻轨，这在别处还有么",4349,1,0.0113122171945701,0.8710407239819,442,0.0134228187919463,0.825503355704698,149,0.0173913043478261,0.869565217391304,115,0.0178571428571429,0.866071428571429,112,1011,0.0217606330365974,0.859545004945598,115,0.0173913043478261,0.869565217391304,33,"m",FALSE,"2012-12-24",1
"uDZTBJXLR","mkbHvW1NSx","m60fMWRPJH","uONPE0HTL","iPhone客户端","0","绝世好文，求强转，求收藏转发微博","","2012-12-30 13:43:37","2012-12-31 11:33:02.850474","True",52,16,"2012-12-31 11:33:02",0.90931712962963,1,"2012-12-30","绝世好文，求强转，求收藏转发微博",663,1,0.0719424460431655,0.823741007194245,278,0.0601503759398496,0.842105263157895,133,NA,NA,0,NA,NA,0,322,0.0652173913043478,0.767080745341615,0,NA,NA,400,"f",FALSE,"2012-12-30",1
"uDZTTXCYT","m6ELcfdxwF","mJK8qkj6IC","uKPJPHF5V","iPhone客户端","0","为人民服务的，人民都不会忘记他！军哥，你能感受到吗？这么多爱着你的人，没有忘记你，给你送来了生日的祝福！军哥，珍重、珍重、再珍重！！","","2012-12-26 22:08:13","","",52,66,"",NA,0,"2012-12-26","为人民服务的，人民都不会忘记他！军哥，你能感受到吗？这么多爱着你的人，没有忘记你，给你送来了生日的祝福！军哥，珍重、珍重、再珍重！！",1993,1.5625,0.0292096219931271,0.946735395189003,1164,0.0383141762452107,0.931034482758621,522,0.0495867768595041,0.923553719008264,484,0.0495867768595041,0.923553719008264,484,2935,0.0323679727427598,0.94855195911414,484,0.0495867768595041,0.923553719008264,11,"f",FALSE,"2012-12-26",0
"uEMB1H05F","mGC9gqywVr","","","新浪微博","1","【消息称大连实德董事长徐明遭中纪委调查建行追缴贷款】据财经国家新闻网消息，3月15日晚间，大连实德集团有限公司董事长徐明因涉嫌经济案件被相关部门控制，建行已经开始追缴实德的贷款，并对其全面停贷。大连实德突然遭遇生死一役！","","2012-03-31 10:15:29","","True",13,110,"",NA,1,"2012-03-31","【消息称大连实德董事长徐明遭中纪委调查建行追缴贷款】据财经国家新闻网消息，3月15日晚间，大连实德集团有限公司董事长徐明因涉嫌经济案件被相关部门控制，建行已经开始追缴实德的贷款，并对其全面停贷。大连实德突然遭遇生死一役！",203,1,0,0.976,500,0,0.952755905511811,254,0,0.967078189300412,486,0,1,262,5090,0,0.993713163064833,14810,0.000337609723160027,0.82255232950709,11,"m",TRUE,"2012-03-31",1
"uEMBUAW2W","m0W1ZEgafo","mqeyd8MOSA","uBID0ZO0S","新浪微博","0","党外不让存在反对党，党内好不容易形成改革派，反动派仍然张牙舞爪。控制国资委的那伙人就是权贵利益集团的代言人。国资委其实是官资委，与老百姓毫无关系。60年前宣称要推翻的三座大山，前两座是海市蜃楼，第三座现在长成喜马拉雅山，60年前原本是个小山","","2012-05-17 07:32:06","2012-05-18 18:50:38.563077","True",20,120,"2012-05-18 18:50:38",1.4712037037037,1,"2012-05-17","党外不让存在反对党，党内好不容易形成改革派，反动派仍然张牙舞爪。控制国资委的那伙人就是权贵利益集团的代言人。国资委其实是官资委，与老百姓毫无关系。60年前宣称要推翻的三座大山，前两座是海市蜃楼，第三座现在长成喜马拉雅山，60年前原本是个小山",2663,1,0,0.93984962406015,133,0,0.904761904761905,84,0,1,198,0,1,55,6635,0.00301431801055011,0.984325546345139,4695,0.0161874334398296,0.742705005324814,31,"m",TRUE,"2012-05-17",1
"uEMGNQTFD","m2gYVy6t2W","m60fMWRPJH","uONPE0HTL","新浪微博","0","绝世好文，求强转，求收藏转发微博","","2012-12-30 13:54:13","","",52,16,"",NA,0,"2012-12-30","绝世好文，求强转，求收藏转发微博",663,1.5625,0.104166666666667,0.824404761904762,336,0.137404580152672,0.847328244274809,131,NA,NA,0,NA,NA,0,1004,0.0966135458167331,0.76195219123506,0,NA,NA,50,"m",FALSE,"2012-12-30",0
"uFAUF051","mRswjgZGYK","mdZ5wFuUGR","uVEQAX0VP","新浪微博","0","太感人了一杯薄酒，一份薄礼！值得一看，朋友们，她一定会拨动你的心弦，只要你是一个善良的人，看后，你一定会受到这些自发的普通老百姓的感染而落泪！转","","2012-12-13 10:59:09","2012-12-13 11:23:07.048546","True",50,72,"2012-12-13 11:23:07",0.0166435185185185,1,"2012-12-13","太感人了一杯薄酒，一份薄礼！值得一看，朋友们，她一定会拨动你的心弦，只要你是一个善良的人，看后，你一定会受到这些自发的普通老百姓的感染而落泪！转",3640,1,0.0655737704918033,0.532786885245902,122,0.134615384615385,0.634615384615385,52,0.120192307692308,0.817307692307692,208,0.0987654320987654,0.814814814814815,81,122,0.0655737704918033,0.532786885245902,435,0.158620689655172,0.781609195402299,400,"f",FALSE,"2012-12-13",1
"uFAUMYTL","m5Pr7qWvKC","mcDy5ka0c7","uZ32YXA23","新浪微博","0","表叔的一块表顶俺不吃不喝几年的工资啊！！","","2012-12-27 12:43:42","2012-12-27 14:28:25.218892","True",52,20,"2012-12-27 14:28:25",0.0727199074074074,1,"2012-12-27","表叔的一块表顶俺不吃不喝几年的工资啊！！",1000,1,0.0721649484536082,0.762886597938144,97,0.132075471698113,0.849056603773585,53,0.130434782608696,0.579710144927536,69,0.130434782608696,0.579710144927536,69,320,0.0875,0.559375,69,0.130434782608696,0.579710144927536,400,"m",FALSE,"2012-12-27",1
"uGL4T12EC","m6Ega5CR2K","","","新浪微博","1","香港举行反贪大游行，民众高喊“反贪污，抓特首”！","","2012-02-27 19:10:40","","",9,24,"",NA,0,"2012-02-27","香港举行反贪大游行，民众高喊“反贪污，抓特首”！",2016,1.5625,0,1,3,0,1,2,0,1,1,0,1,1,30,0,1,54,0,1,44,"m",FALSE,"2012-02-27",0
"uHJXF1CT2","mSFVNAtpmB","mF8JR2YTeA","","新浪微博","0","港《信报》消息：今天派驻英国记者到瓜瓜读书的英哈罗公学查询，校方答复，我校从不提供全额奖学金。","","2012-03-11 14:56:54","2012-03-12 23:22:56.198236","True",10,47,"2012-03-12 23:22:56",1.35141203703704,1,"2012-03-11","港《信报》消息：今天派驻英国记者到瓜瓜读书的英哈罗公学查询，校方答复，我校从不提供全额奖学金。",242,1,0.0450704225352113,0.952112676056338,355,0.0376344086021505,0.956989247311828,186,0.0138568129330254,0.960739030023095,433,0.0192307692307692,0.980769230769231,208,1727,0.0220034742327736,0.977417486971627,8331,0.0182451086304165,0.780218461169127,11,"m",TRUE,"2012-03-11",1
"uHJXMEQOV","m7nxqpHMm6","","","微发现客户端","1","【上海电视台女主持过分暴露四处走光引投诉】因上海某电视台女主持做节目时屡屡俯身采访暴露过多，而引起网友广泛热议。据电视画面，这名女主持人在采访和做节目的时候，时常内衣隐现、身形毕露，受到了不少网友的指责和投诉。","","2012-02-21 21:09:02","","",8,105,"",NA,0,"2012-02-21","【上海电视台女主持过分暴露四处走光引投诉】因上海某电视台女主持做节目时屡屡俯身采访暴露过多，而引起网友广泛热议。据电视画面，这名女主持人在采访和做节目的时候，时常内衣隐现、身形毕露，受到了不少网友的指责和投诉。",4554,1.5625,0,1,191,0,1,102,0,1,280,0,1,110,1107,0,1,3703,0,0.872535781798542,33,"m",TRUE,"2012-02-21",0
"uHJXP3VLY","m80RRDgOBt","","","Android客户端","1","憔悴的薄熙来。这张照片，是3月3日全国政协十一届五次会议开幕时薄熙来出席会议拍的，摄影者是中新社记者廖攀。跟过去各种谈笑风生的照片相比，薄显得分外憔悴、苍老。","","2012-03-03 23:29:27","","",9,79,"",NA,0,"2012-03-03","憔悴的薄熙来。这张照片，是3月3日全国政协十一届五次会议开幕时薄熙来出席会议拍的，摄影者是中新社记者廖攀。跟过去各种谈笑风生的照片相比，薄显得分外憔悴、苍老。",4236,1.5625,0,1,51,0,1,22,0,1,68,0,1,34,301,0,1,1891,0,1,32,"m",FALSE,"2012-03-03",0
"uHJXPROWR","mcXmlEna4M","","","新浪微博","0","北京发大水淹死人，没有一个人出来慰问星点半点，出来的第一手就是让老百姓捐款。你的朝鲜姑父来了，又是慰问水灾，又准备借给他十亿美元，妈妈的，朝鲜是恁亲爹还是恁亲爷啊！？败家玩意！","","2012-08-18 13:26:31","","",33,88,"",NA,0,"2012-08-18","北京发大水淹死人，没有一个人出来慰问星点半点，出来的第一手就是让老百姓捐款。你的朝鲜姑父来了，又是慰问水灾，又准备借给他十亿美元，妈妈的，朝鲜是恁亲爹还是恁亲爷啊！？败家玩意！",2933,1.5625,0,1,9,0,1,7,0,0.916666666666667,12,0,0.916666666666667,12,119,0,1,12,0,0.916666666666667,11,"m",TRUE,"2012-08-18",0
"uHJXSWBMD","mNTryG3JOB","","","西团网","0","记者采访了某市民：＂你觉得神舟九号的发射成功说明了什么？＂市民：＂说明了我国解决教育问题、住房问题、医疗问题、食品安全问题比登天还难！＂","","2012-06-22 12:59:10","","",25,68,"",NA,0,"2012-06-22","记者采访了某市民：＂你觉得神舟九号的发射成功说明了什么？＂市民：＂说明了我国解决教育问题、住房问题、医疗问题、食品安全问题比登天还难！＂",1098,1.5625,0,1,29,0,1,29,0,1,3,0,1,2,95,0,1,151,0,1,45,"m",TRUE,"2012-06-22",0
"uHJXTSSXP","mQFiMKLHby","m3eUEXBbmu","uVEQCC0PE","iPad客户端","0","反腐重要，但只有建立在法治和新闻自由基础上的反腐才会有长久的成效。反腐不是目的，用宪政限制公权力和保障公民权利才是。","","2012-11-25 23:32:15","","",47,58,"",NA,0,"2012-11-25","反腐重要，但只有建立在法治和新闻自由基础上的反腐才会有长久的成效。反腐不是目的，用宪政限制公权力和保障公民权利才是。",3086,1.5625,0,0.972067039106145,179,0,1,77,0,0.635071090047393,211,0,0.486238532110092,109,5148,0.000582750582750583,0.913558663558664,961,0,0.912591050988554,100,"m",TRUE,"2012-11-25",0
"uHQYMECP5","mzH6UIWegP","","","Weico.iPhone","1","无论多么帅的锅都驾驭不了主席的发型。。。","","2012-12-14 12:00:51","","",50,20,"",NA,0,"2012-12-14","无论多么帅的锅都驾驭不了主席的发型。。。",4754,0.078125,0,1,506,0,1,218,0,1,471,0,1,201,11178,0,0.98327071032385,803,0,1,11,"f",FALSE,"2012-12-14",0
"uHRVF3NBM","mLLWzIye0k","mzHPMFvfnx","uS5WHBQ5F","iPhone客户端","0","请求大家一起转发。呼吁人大代表们亮出自己的良知，让这个不作为的最高人民法院知道无辜的人是不能杀的，冤案是必须纠正的，死扛不纠是要受到惩罚的。转发微博","","2012-03-06 21:54:11","2012-03-08 21:21:49.234841","True",10,74,"2012-03-08 21:21:49",1.97752314814815,1,"2012-03-06","请求大家一起转发。呼吁人大代表们亮出自己的良知，让这个不作为的最高人民法院知道无辜的人是不能杀的，冤案是必须纠正的，死扛不纠是要受到惩罚的。转发微博",1180,1,0,1,214,0,1,114,0,1,349,0,1,119,2136,0,1,7407,0.000135007425408397,0.972323477791278,65,"m",TRUE,"2012-03-06",1
"uHRVJR5KY","mrAXAVAKxG","mZm9whi9ip","uNEGOQE1W","新浪微博","0","何删删威武霸气不解释。何观察威武","","2012-12-27 14:15:10","","",52,16,"",NA,0,"2012-12-27","何删删威武霸气不解释。何观察威武",2497,1.5625,0.0316742081447964,0.911010558069382,663,0.0326797385620915,0.950980392156863,306,0.0384615384615385,0.934065934065934,182,0.0384615384615385,0.934065934065934,182,2448,0.0187908496732026,0.934232026143791,182,0.0384615384615385,0.934065934065934,41,"m",FALSE,"2012-12-27",0
"uHRVJR5KY","mf6nkbl1Nk","m2XUdDRFcF","uW0EYLCST","新浪微博","0","赶走薄王好戴表。何局今天真是坐立难安心忐忑啊！心中有鬼才会运用势力删帖！转一个删发一个删，再删就干他娘北方爆粗口","","2012-12-26 17:09:12","2012-12-26 19:19:51.968861","True",52,56,"2012-12-26 19:19:51",0.0907291666666667,1,"2012-12-26","赶走薄王好戴表。何局今天真是坐立难安心忐忑啊！心中有鬼才会运用势力删帖！转一个删发一个删，再删就干他娘北方爆粗口",1259,1,0.0261136712749616,0.923195084485407,651,0.0181818181818182,0.945454545454545,220,0.0612244897959184,0.877551020408163,245,0.0612244897959184,0.877551020408163,245,2334,0.0171379605826907,0.93573264781491,245,0.0612244897959184,0.877551020408163,41,"m",FALSE,"2012-12-26",1
"uI433I1IN","m2Xebr715E","mcDy5ka0c7","uZ32YXA23","360安全浏览器","0","表叔的一块表顶俺不吃不喝几年的工资啊！！","","2012-12-27 12:47:31","","",52,20,"",NA,0,"2012-12-27","表叔的一块表顶俺不吃不喝几年的工资啊！！",1000,0.78125,0.0948275862068965,0.827586206896552,232,0.0540540540540541,0.878378378378378,148,NA,NA,0,NA,NA,0,473,0.114164904862579,0.646934460887949,0,NA,NA,50,"m",FALSE,"2012-12-27",0
"uI43MGA3W","m1fqduuvA","m1fqHbjQB","","享拍微博通","0","越来越有出息了，已经发展到和残疾人士打架了⋯⋯","","2012-07-18 22:53:56","","",29,23,"",NA,0,"2012-07-18","越来越有出息了，已经发展到和残疾人士打架了⋯⋯",1278,1.5625,0.0158730158730159,0.746031746031746,63,0.032258064516129,0.67741935483871,31,0,1,75,0,1,54,1272,0.0180817610062893,0.699685534591195,84,0,1,400,"m",TRUE,"2012-07-18",0
"uI43OO3N5","m2rLLld4XC","mjBCGTaxqT","uVGJJ1DB0","iPhone客户端","0","代表们，和你们说实话。这条如果通过了，你们自己麻烦大。异地监视居住实质是双规合法化和扩大化。双规仅针对党员，异地监视居住针对国民。表面上只针对本地无居所的人，实际上朝阳区公安可以将我关进黑牢，因为我居所在海淀！","","2012-03-08 18:37:40","","",10,105,"",NA,0,"2012-03-08","代表们，和你们说实话。这条如果通过了，你们自己麻烦大。异地监视居住实质是双规合法化和扩大化。双规仅针对党员，异地监视居住针对国民。表面上只针对本地无居所的人，实际上朝阳区公安可以将我关进黑牢，因为我居所在海淀！",2446,1.5625,0,1,249,0,1,120,0,1,50,0,1,48,2382,0,1,1697,0,0.98939304655274,61,"m",TRUE,"2012-03-08",0
"uI43QGG5U","mxOISOeYPf","mCVVz00zDf","uRLOZDGHN","新浪微博","0","恭喜广东，终于率先跟美国接轨了。大海应该当美国总统啊，当个副总理真他妈屈才了","","2012-12-28 16:53:19","","",52,38,"",NA,0,"2012-12-28","恭喜广东，终于率先跟美国接轨了。大海应该当美国总统啊，当个副总理真他妈屈才了",4185,1.5625,0.0949720670391061,0.614525139664804,179,0.188405797101449,0.565217391304348,69,0.135135135135135,0.702702702702703,74,0.135135135135135,0.702702702702703,74,184,0.0923913043478261,0.625,74,0.135135135135135,0.702702702702703,11,"f",FALSE,"2012-12-28",0
"uII5JJ5WR","mqJRCWSZWI","","","新浪微博","1","中国泰坦尼克号3D被剪，卡梅隆听到的原因是...没想到总菊的官方理由真好意思往外说啊。。","","2012-04-14 11:35:03","","True",15,44,"",NA,1,"2012-04-14","中国泰坦尼克号3D被剪，卡梅隆听到的原因是...没想到总菊的官方理由真好意思往外说啊。。",1516,1,0,1,52,0,1,26,0,0.925373134328358,67,0,0.8125,16,839,0,0.966626936829559,4076,0,0.998773307163886,32,"m",FALSE,"2012-04-14",1
"uJ2OAT2VV","mhRGhd6Ilb","","","新浪微博","1","新浪、腾讯微博，包括昨天关闭一些社区站的原因出来了，请大家相互转发通告示！见图！","","2012-03-31 07:53:18","","True",13,40,"",NA,1,"2012-03-31","新浪、腾讯微博，包括昨天关闭一些社区站的原因出来了，请大家相互转发通告示！见图！",4738,1,0,1,89,0,1,72,0,1,58,0,1,16,188,0,1,704,0,0.805397727272727,11,"m",FALSE,"2012-03-31",1
"uJ2OUHPKT","mr3UIcGyMf","mhRE26KQ7S","uATZFNZDY","微博搜索","0","纵深思考王立军事件的后续效应。瞧这眼神王立军可能并未想通过美国庇护离开中国。最大可能是想脱离重庆控制同时保证自身安全，最后到达北京再向最高层面陈红都秘闻。美方给予了协助，令北京有时间协调安排，顺利抵京。这是一招险棋，王毕竟是经验丰富老刑警","","2012-02-09 17:13:26","2012-02-11 05:28:28.259790","True",6,119,"2012-02-11 05:28:28",1.51043981481481,1,"2012-02-09","纵深思考王立军事件的后续效应。瞧这眼神王立军可能并未想通过美国庇护离开中国。最大可能是想脱离重庆控制同时保证自身安全，最后到达北京再向最高层面陈红都秘闻。美方给予了协助，令北京有时间协调安排，顺利抵京。这是一招险棋，王毕竟是经验丰富老刑警",635,1,0,0.986301369863014,73,0,0.978260869565217,46,0.0185185185185185,0.944444444444444,54,0.0333333333333333,0.9,30,186,0,0.994623655913978,1712,0.0058411214953271,0.581775700934579,11,"m",TRUE,"2012-02-09",1
"uJ2YT2YWR","m87x1cfM2J","m1Rl9oQMD","uATZWVEBM","新浪微博","0","圣诞节和中国圣诞节有如此不同哟..","","2012-12-25 00:49:54","2012-12-25 05:36:23.238547","True",52,17,"2012-12-25 05:36:23",0.198946759259259,1,"2012-12-25","圣诞节和中国圣诞节有如此不同哟..",3447,1,0.0191570881226054,0.946360153256705,783,0.019271948608137,0.963597430406852,467,0.0769230769230769,0.928205128205128,195,0.0745341614906832,0.925465838509317,161,2324,0.0141996557659208,0.943201376936317,195,0.0769230769230769,0.928205128205128,100,"m",FALSE,"2012-12-25",1
"uJWAA2OXV","mhkaNw6NVN","mEjSHyTlgb","uZNJUBLKD","iPhone客户端","0","高官被殴打致死，需要更多人殉葬要说助威，和周红敏一起吃饭的辽宁省公安厅的某处长及其他公安厅助威人员怎么没事？司法实务称之为“站脚助威”帮助犯，其实真没法律依据！回复这到是。可这个距离是7、8米啊","","2012-12-25 23:33:14","2012-12-27 15:03:33.888547","True",52,97,"2012-12-27 15:03:33",1.64605324074074,1,"2012-12-25","高官被殴打致死，需要更多人殉葬要说助威，和周红敏一起吃饭的辽宁省公安厅的某处长及其他公安厅助威人员怎么没事？司法实务称之为“站脚助威”帮助犯，其实真没法律依据！回复这到是。可这个距离是7、8米啊",2092,1,0,0.986394557823129,147,0,0.981481481481482,108,0.0121951219512195,0.75609756097561,82,0.0175438596491228,0.649122807017544,57,653,0,0.996937212863706,82,0.0121951219512195,0.75609756097561,31,"m",FALSE,"2012-12-25",1
"uJWIO3ICW","mPowvpCCmI","mcDy5ka0c7","uZ32YXA23","360安全浏览器","0","表叔的一块表顶俺不吃不喝几年的工资啊！！","","2012-12-27 13:38:55","2012-12-27 14:04:15.460421","True",52,20,"2012-12-27 14:04:15",0.0175925925925926,1,"2012-12-27","表叔的一块表顶俺不吃不喝几年的工资啊！！",1001,1,0.0164644714038128,0.959272097053726,1154,0.00814663951120163,0.971486761710794,491,0.0428134556574924,0.957186544342508,327,0.0428134556574924,0.957186544342508,327,1550,0.0129032258064516,0.958709677419355,327,0.0428134556574924,0.957186544342508,43,"m",FALSE,"2012-12-27",1
"uJWIT4NCP","mHBElwlZn2","m7MJhNjdfqI","uLUCBVFGW","新浪微博手机版","0","难怪社会无诚信。实事求是，但有事改画。","","2012-04-30 21:57:31","","",18,19,"",NA,0,"2012-04-30","难怪社会无诚信。实事求是，但有事改画。",1936,1.5625,0,1,92,0,1,92,0,1,535,0,1,232,192,0,1,23579,8.48212392383053e-05,0.986937529157301,12,"m",TRUE,"2012-04-30",0
"uK3R0RGQ0","mAMXf3jQl0","mGxmkBkhaD","u0YUO1GON","索尼Xperia U ST25i","0","突然覺得此人影衰了姓梁的...==|||同学们好！特首好！同学们辛苦了！为人民服务！转发微博","","2012-09-08 08:30:22","","",36,46,"",NA,0,"2012-09-08","突然覺得此人影衰了姓梁的...==|||同学们好！特首好！同学们辛苦了！为人民服务！转发微博",572,1.5625,0,1,339,0,1,196,0,1,640,0,1,241,7392,0,1,4166,0,1,81,"f",FALSE,"2012-09-08",0
"uK3R0VUTC","mptJB17pj7","mNpz0ri53Q","uZDQIHPBS","新浪微博","0","【已有70多人签名】张思之@贺卫方@何兵@叶匡政徐友渔等……","","2012-12-27 12:07:00","","",52,30,"",NA,0,"2012-12-27","【已有70多人签名】张思之@贺卫方@何兵@叶匡政徐友渔等……",3975,1.5625,0.0156739811912226,0.815047021943574,319,0.015748031496063,0.78740157480315,127,0.0196078431372549,0.990196078431373,102,0.0196078431372549,0.990196078431373,102,14305,0.00664103460328556,0.970220202726319,102,0.0196078431372549,0.990196078431373,44,"m",TRUE,"2012-12-27",0
"uK3RE3NXH","m2XrUPCzmh","mqeyd8MOSA","uBID0ZO0S","iPhone客户端","0","党外不让存在反对党，党内好不容易形成改革派，反动派仍然张牙舞爪。控制国资委的那伙人就是权贵利益集团的代言人。国资委其实是官资委，与老百姓毫无关系。60年前宣称要推翻的三座大山，前两座是海市蜃楼，第三座现在长成喜马拉雅山，60年前原本是个小山","","2012-05-17 17:42:00","2012-05-18 19:44:33.912712","True",20,120,"2012-05-18 19:44:33",1.08510416666667,1,"2012-05-17","党外不让存在反对党，党内好不容易形成改革派，反动派仍然张牙舞爪。控制国资委的那伙人就是权贵利益集团的代言人。国资委其实是官资委，与老百姓毫无关系。60年前宣称要推翻的三座大山，前两座是海市蜃楼，第三座现在长成喜马拉雅山，60年前原本是个小山",2662,1,0,0.852941176470588,34,0,1,5,0,0.72972972972973,37,0,0.272727272727273,11,541,0,0.88539741219963,425,0.00235294117647059,0.748235294117647,11,"m",TRUE,"2012-05-17",1
"uK3RRIB3N","mTSR2u4Dk2","","","新浪微博","1","【东方洪】金庸的最后两部小说《笑傲江湖》和《鹿鼎记》写于1967——1969年文革期间。其中两位邪教头目：东方不败和洪安通━━“东方洪”。东方不败夺得大权，无心处理教务，任由部下杨莲亭胡作非为，不予理睬。洪安通杀人不眨眼，与雅克萨的沙俄军官勾结,喜听奉承，参见他祝他“仙福永享，寿与天齐”","","2012-05-23 14:32:01","","True",21,144,"",NA,1,"2012-05-23","【东方洪】金庸的最后两部小说《笑傲江湖》和《鹿鼎记》写于1967——1969年文革期间。其中两位邪教头目：东方不败和洪安通━━“东方洪”。东方不败夺得大权，无心处理教务，任由部下杨莲亭胡作非为，不予理睬。洪安通杀人不眨眼，与雅克萨的沙俄军官勾结,喜听奉承，参见他祝他“仙福永享，寿与天齐”",712,1,0,0.903225806451613,62,0,0.896551724137931,58,0,0.762331838565022,223,0,0.598130841121495,107,88,0,0.931818181818182,2441,0.00655469070053257,0.687832855387136,400,"m",FALSE,"2012-05-23",1
"uK3X4PGT0","mU5LxP2SDI","mGxmkBkhaD","u0YUO1GON","新浪微博","0","突然覺得此人影衰了姓梁的...==|||同学们好！特首好！同学们辛苦了！为人民服务！转发微博","","2012-09-08 03:59:23","","True",36,46,"",NA,1,"2012-09-08","突然覺得此人影衰了姓梁的...==|||同学们好！特首好！同学们辛苦了！为人民服务！转发微博",572,1,0,1,231,0,1,88,0,1,490,0,1,200,914,0,1,2772,0,1,81,"m",FALSE,"2012-09-08",1
"uKPJF3C4H","mrMnyae3y9","","","皮皮时光机","1","【政协委员提议恢复大清王朝】康熙十世孙、广州政协委员金复新表示，他准备走遍中国收集100万人签名，向全国人大请愿，在中国恢复君主制。恢复清皇室，并打算给20多个仍保留君主制的国家写信寻求支持。为彰显龙裔身份，其日常用品、服装更是非黄色不选，并日夜盼望能住进故宫。","","2012-07-06 15:25:15","","",27,131,"",NA,0,"2012-07-06","【政协委员提议恢复大清王朝】康熙十世孙、广州政协委员金复新表示，他准备走遍中国收集100万人签名，向全国人大请愿，在中国恢复君主制。恢复清皇室，并打算给20多个仍保留君主制的国家写信寻求支持。为彰显龙裔身份，其日常用品、服装更是非黄色不选，并日夜盼望能住进故宫。",4692,1.5625,0,1,240,0,1,119,0,1,150,0,1,85,382,0,1,2541,0,0.922077922077922,32,"f",TRUE,"2012-07-06",0
"uKPJPHF5V","mFL9SGr4Qi","mCC4U55ze9","uVGJ01NGJ","iPhone客户端","0","他娘身份证是借的，不小心带了二十多刀回来，还是2007年发生的，他前天说要回到人民中间，昨天又说要学谁跳江以示清白啥的转发微博","","2012-12-12 20:03:12","2012-12-14 02:22:05.579037","True",50,63,"2012-12-14 02:22:05",1.26311342592593,1,"2012-12-12","他娘身份证是借的，不小心带了二十多刀回来，还是2007年发生的，他前天说要回到人民中间，昨天又说要学谁跳江以示清白啥的转发微博",2415,1,0.0204545454545455,0.922727272727273,880,0.0240963855421687,0.909638554216867,332,0.0130653266331658,0.950753768844221,995,0.0354838709677419,0.890322580645161,310,1234,0.0178282009724473,0.931118314424635,2151,0.0139470013947001,0.949790794979079,100,"f",FALSE,"2012-12-12",1
"uKPJPHF5V","mVZT0ZyKQU","mrAy9bOi60","uHRVYULME","iPhone客户端","0","送君送到大路旁，君的恩情永不忘，农友乡亲心里亮，隔山隔水永相望。送君送到大树下，心里几多知心话，出生入死闹革命，枪淋弹雨把敌杀。半间屋前川水流，革命的友谊才开头，哪有利刀能劈水，哪有利剑能斩愁。风里浪里你行船，我执梭镖望君还","","2012-12-16 06:39:10","2012-12-16 13:15:02.868858","True",50,112,"2012-12-16 13:15:02",0.274907407407407,1,"2012-12-16","送君送到大路旁，君的恩情永不忘，农友乡亲心里亮，隔山隔水永相望。送君送到大树下，心里几多知心话，出生入死闹革命，枪淋弹雨把敌杀。半间屋前川水流，革命的友谊才开头，哪有利刀能劈水，哪有利剑能斩愁。风里浪里你行船，我执梭镖望君还",1738,1,0.0247592847317744,0.896836313617607,727,0.0283018867924528,0.893081761006289,318,0.0065359477124183,0.946778711484594,1071,0.00399201596806387,0.970059880239521,501,1552,0.0199742268041237,0.923324742268041,1841,0.0103204780010864,0.959804454101032,100,"f",FALSE,"2012-12-16",1
"uKPKAKNWI","mvRZovY0Tl","mu9gFECzc9","uCBTZBHNA","UC浏览器","0","还有半句话：到时你们出问题了，还说是我们审阅小组的问题，我们负不起这个历史责任。哦？求证","","2012-12-09 11:36:57","","",49,44,"",NA,0,"2012-12-09","还有半句话：到时你们出问题了，还说是我们审阅小组的问题，我们负不起这个历史责任。哦？求证",1392,1.5625,0.0151187904967603,0.76889848812095,463,0.0254777070063694,0.78343949044586,157,0.036144578313253,0.481927710843373,249,0.032520325203252,0.569105691056911,123,745,0.00939597315436242,0.844295302013423,585,0.064957264957265,0.572649572649573,100,"m",FALSE,"2012-12-09",0
"uKPKRZJ1H","mPowDDhOCS","mNTZOxvy1q","uFAYBSPT","360安全浏览器","0","除非他有勇气断腕啊！如此疯狂删表哥图片，让百姓更加确信，何表哥上面有人","","2012-12-30 17:37:01","","",52,35,"",NA,0,"2012-12-30","除非他有勇气断腕啊！如此疯狂删表哥图片，让百姓更加确信，何表哥上面有人",1930,1.5625,0.0157676348547718,0.95850622406639,1205,0.0245614035087719,0.945614035087719,570,NA,NA,0,NA,NA,0,1603,0.0199625701809108,0.9369931378665,0,NA,NA,33,"m",FALSE,"2012-12-30",0
"uKPKRZJ1H","mtqtMF6xTV","mzq9S37aJV","uLUCEUT1G","360安全浏览器","0","他的不足是其位置导致的，如果真正由他来代表人民，社会早就变样了，人民早就舒心了！在有些人看来国家利益没有自己的利益重要！转发微博","","2012-12-23 17:59:04","2012-12-23 22:16:43.699951","True",51,64,"2012-12-23 22:16:43",0.178923611111111,1,"2012-12-23","他的不足是其位置导致的，如果真正由他来代表人民，社会早就变样了，人民早就舒心了！在有些人看来国家利益没有自己的利益重要！转发微博",2438,1,0.0203804347826087,0.925271739130435,736,0.0140845070422535,0.975855130784708,497,0.0189633375474083,0.945638432364096,791,0.00663716814159292,0.969026548672566,452,746,0.0201072386058981,0.92627345844504,791,0.0189633375474083,0.945638432364096,33,"m",FALSE,"2012-12-23",1
"uLMIH0P01","m145yDij4","","","皮皮时光机","1","观众和媒体质疑《泰坦尼克号》中Rose裸身让Jack作画的情节1998年在大陆上映时没有被删除、2012年上映却被删除，近日广电总局终于对此给出了解释：“考虑到3D电影的特殊性，我们担心播放此片段时观众会伸手去摸，打到前排观众的头，造成纠纷。出于建设精神文明社会的考虑，我们决定删除此片段。","","2012-04-08 20:35:14","","True",14,145,"",NA,1,"2012-04-08","观众和媒体质疑《泰坦尼克号》中Rose裸身让Jack作画的情节1998年在大陆上映时没有被删除、2012年上映却被删除，近日广电总局终于对此给出了解释：“考虑到3D电影的特殊性，我们担心播放此片段时观众会伸手去摸，打到前排观众的头，造成纠纷。出于建设精神文明社会的考虑，我们决定删除此片段。",1046,1,0,1,42,0,1,21,0,0.830188679245283,53,0,0.678571428571429,28,96,0,1,2209,0,0.967858759619737,12,"f",FALSE,"2012-04-08",1
"uLMIQ1RFN","mVZTMoPRNE","mCC4U55ze9","uVGJ01NGJ","新浪微博手机版","0","他娘身份证是借的，不小心带了二十多刀回来，还是2007年发生的，他前天说要回到人民中间，昨天又说要学谁跳江以示清白啥的转发微博","","2012-12-12 20:10:47","","",50,63,"",NA,0,"2012-12-12","他娘身份证是借的，不小心带了二十多刀回来，还是2007年发生的，他前天说要回到人民中间，昨天又说要学谁跳江以示清白啥的转发微博",2415,1.5625,0.0135746606334842,0.961538461538462,884,0.00956022944550669,0.980879541108987,523,0.0276564774381368,0.86608442503639,687,0.0444444444444444,0.874074074074074,270,1002,0.0119760479041916,0.93812375249501,1216,0.0238486842105263,0.84375,53,"m",FALSE,"2012-12-12",0
"uLMIYVYLY","m4YwEcHx0T","","","新浪微博","1","改革开放后，他做过两届总理，一任总书记，7年前的今天辞世。当年，有一挽联：青史留名人心自在小朝廷何足道哉，难为汉相宁做楚囚大丈夫无所谓了。","","2012-01-17 10:46:59","","True",3,69,"",NA,1,"2012-01-17","改革开放后，他做过两届总理，一任总书记，7年前的今天辞世。当年，有一挽联：青史留名人心自在小朝廷何足道哉，难为汉相宁做楚囚大丈夫无所谓了。",4678,1,0,1,50,0,1,18,0,1,36,0,1,20,96,0,1,2540,0.0271653543307087,0.490157480314961,11,"m",TRUE,"2012-01-17",1
"uLUCB433Y","mA3CqrlQK8","","","新浪微博","1","【今年最伟大的领导人-菲律宾总统阿基诺三世】1、仅靠一艘二手舰和拥有三大舰队N多核武的泱泱大国对峙。2、在两国对峙中，始终掌握主动，让对方精英跟着自己的指挥棒起舞。该大国打也不能，退也不能，极度郁闷却束手无策。3、在领海纠纷同时，竟还能从该国手中拿到120亿美元经济援助，仅此可载入史册。","","2012-05-03 12:35:14","","True",18,144,"",NA,1,"2012-05-03","【今年最伟大的领导人-菲律宾总统阿基诺三世】1、仅靠一艘二手舰和拥有三大舰队N多核武的泱泱大国对峙。2、在两国对峙中，始终掌握主动，让对方精英跟着自己的指挥棒起舞。该大国打也不能，退也不能，极度郁闷却束手无策。3、在领海纠纷同时，竟还能从该国手中拿到120亿美元经济援助，仅此可载入史册。",2361,1,0,1,6,0,1,3,0,1,7,0,1,4,7,0,1,649,0.00154083204930663,0.964560862865948,100,"m",FALSE,"2012-05-03",1
"uLUCJKVPN","mgwu5VXIaw","","","iPhone客户端","0","北京发大水淹死人，没有一个人出来慰问星点半点，出来的第一手就是让老百姓捐款。你的朝鲜姑父来了，又是慰问水灾，又准备借给他十亿美元，妈妈的，朝鲜是恁亲爹还是恁亲爷啊！？败家玩意！","","2012-08-18 03:28:22","","True",33,88,"",NA,1,"2012-08-18","北京发大水淹死人，没有一个人出来慰问星点半点，出来的第一手就是让老百姓捐款。你的朝鲜姑父来了，又是慰问水灾，又准备借给他十亿美元，妈妈的，朝鲜是恁亲爹还是恁亲爷啊！？败家玩意！",2933,1,0,1,16,0,1,4,0.032258064516129,0.897849462365591,186,0.0212765957446809,0.851063829787234,94,2639,0,1,4691,0.0200383713493925,0.865700277126412,41,"f",TRUE,"2012-08-18",1
"uM1U53HK0","mjxdp4IT4Z","mJG7C9T1Gs","uDZP0RUSJ","新浪微博","0","萧功秦按语：李是当年武汉红卫兵领袖，因擅杀对立派，在文革后被判多年徒刑。他已经大彻大悟，我与他相识。本文有价值，决非一般网文可比，让我们大开眼界。值得一读。","","2012-03-25 11:00:45","","",12,78,"",NA,0,"2012-03-25","萧功秦按语：李是当年武汉红卫兵领袖，因擅杀对立派，在文革后被判多年徒刑。他已经大彻大悟，我与他相识。本文有价值，决非一般网文可比，让我们大开眼界。值得一读。",911,3.125,0.0625,0.9375,16,0,1,10,0,0.970149253731343,67,0,1,21,491,0.00203665987780041,0.975560081466395,4192,0.00357824427480916,0.734732824427481,11,"m",TRUE,"2012-03-25",0
"uM1ULM1YF","mxA8CNZyqx","mj4XoGliDa","","新浪微博","0","打黑黒打的真相正在逐步揭开，但这些直接的打手尚不是危害最大的，因为他们无论怎么作恶毕竟是局部的，那些受重庆各种形式直接和间接资助与组织，在学术界、媒体和网络上进行大力鼓噪，甚至至今还挂着某人头像以示忠贞的人，才是最需要揭露的，因为他们毒化了整个社会。","","2012-07-07 19:12:21","2012-07-08 20:41:38.800609","True",27,125,"2012-07-08 20:41:38",1.06200231481481,1,"2012-07-07","打黑黒打的真相正在逐步揭开，但这些直接的打手尚不是危害最大的，因为他们无论怎么作恶毕竟是局部的，那些受重庆各种形式直接和间接资助与组织，在学术界、媒体和网络上进行大力鼓噪，甚至至今还挂着某人头像以示忠贞的人，才是最需要揭露的，因为他们毒化了整个社会。",4491,1,0.0307692307692308,0.913846153846154,325,0.027972027972028,0.909090909090909,286,0,0.991803278688525,122,0,0.987951807228916,83,2372,0.00548060708263069,0.943086003372681,3105,0.0151368760064412,0.726892109500805,11,"m",TRUE,"2012-07-07",1
"uMLL53THU","mxMGt3nONK","mqeyd8MOSA","uBID0ZO0S","iPhone客户端","0","党外不让存在反对党，党内好不容易形成改革派，反动派仍然张牙舞爪。控制国资委的那伙人就是权贵利益集团的代言人。国资委其实是官资委，与老百姓毫无关系。60年前宣称要推翻的三座大山，前两座是海市蜃楼，第三座现在长成喜马拉雅山，60年前原本是个小山","","2012-05-17 07:28:01","","",20,120,"",NA,0,"2012-05-17","党外不让存在反对党，党内好不容易形成改革派，反动派仍然张牙舞爪。控制国资委的那伙人就是权贵利益集团的代言人。国资委其实是官资委，与老百姓毫无关系。60年前宣称要推翻的三座大山，前两座是海市蜃楼，第三座现在长成喜马拉雅山，60年前原本是个小山",2662,1.5625,0,1,16,0,1,4,0,1,39,0,1,18,412,0,1,478,0,1,81,"m",TRUE,"2012-05-17",0
"uMLL5WZMK","mFLDRarJf5","mpGAIp7pg6","uLMIQBQYG","新浪微博","0","还是有真心疼爱雷书记的人哦！父子情浓于水，兄弟手足情！","","2012-12-24 12:48:47","","True",52,27,"",NA,1,"2012-12-24","还是有真心疼爱雷书记的人哦！父子情浓于水，兄弟手足情！",1383,1,0.0205696202531646,0.906645569620253,632,0.0242914979757085,0.931174089068826,247,0.00204498977505112,0.989775051124744,489,0.00390625,0.98046875,256,927,0.0151024811218986,0.924487594390507,489,0.00204498977505112,0.989775051124744,13,"m",FALSE,"2012-12-24",1
"uMLLRVELC","mcbzhVZtM","mQWVElzCG5","uK3XTA011","新浪微博","0","现在快2000人了！期待您的加入！","","2012-12-20 23:16:54","","",51,17,"",NA,0,"2012-12-20","现在快2000人了！期待您的加入！",336,1.5625,0.0354223433242507,0.979564032697548,734,0.027190332326284,0.987915407854985,331,0.026525198938992,0.909814323607427,377,0.024,0.88,250,1112,0.0512589928057554,0.925359712230216,377,0.026525198938992,0.909814323607427,51,"m",FALSE,"2012-12-20",0
"uMMSCCMIO","mJdIlpgAJO","m3eUEXBbmu","uVEQCC0PE","iPhone客户端","0","反腐重要，但只有建立在法治和新闻自由基础上的反腐才会有长久的成效。反腐不是目的，用宪政限制公权力和保障公民权利才是。","","2012-11-25 23:49:07","2012-11-27 17:10:20.529792","True",47,58,"2012-11-27 17:10:20",1.72306712962963,1,"2012-11-25","反腐重要，但只有建立在法治和新闻自由基础上的反腐才会有长久的成效。反腐不是目的，用宪政限制公权力和保障公民权利才是。",3086,1,0,1,16,0,1,3,0,1,23,0,1,17,1211,0.000825763831544178,0.874483897605285,50,0,1,31,"m",TRUE,"2012-11-25",1
"uMMSLESTC","mQWnR1BRS9","","","新浪微博","1","憔悴的薄熙来。这张照片，是3月3日全国政协十一届五次会议开幕时薄熙来出席会议拍的，摄影者是中新社记者廖攀。跟过去各种谈笑风生的照片相比，薄显得分外憔悴、苍老。","","2012-03-03 21:34:38","","True",9,79,"",NA,1,"2012-03-03","憔悴的薄熙来。这张照片，是3月3日全国政协十一届五次会议开幕时薄熙来出席会议拍的，摄影者是中新社记者廖攀。跟过去各种谈笑风生的照片相比，薄显得分外憔悴、苍老。",4236,1,0,1,22,0,1,15,0,1,43,0,1,17,111,0,0.972972972972973,1750,0.0131428571428571,0.492,11,"m",FALSE,"2012-03-03",1
"uNEGBMJZD","mRs5by9mEc","mkbaohleDh","uPVDON2JU","新浪微博","0","市长这么难见，这就是最糟糕的现实。如果民意得到尊重，新闻有了发表的自由，这个场面绝不会出现。幸运的是，现在有了微博……","","2012-06-15 01:48:51","2012-06-16 04:48:07.505361","True",24,59,"2012-06-16 04:48:07",1.12449074074074,1,"2012-06-15","市长这么难见，这就是最糟糕的现实。如果民意得到尊重，新闻有了发表的自由，这个场面绝不会出现。幸运的是，现在有了微博……",3991,1,0,0.959183673469388,147,0,0.934065934065934,91,0.00826446280991736,0.793388429752066,121,0.0131578947368421,0.868421052631579,76,1678,0,0.976758045292014,994,0.00201207243460765,0.870221327967807,31,"m",TRUE,"2012-06-15",1
"uNEGN5M33","m9hGXy8e1g","mF8JR2YTeA","","iPad客户端","0","港《信报》消息：今天派驻英国记者到瓜瓜读书的英哈罗公学查询，校方答复，我校从不提供全额奖学金。","","2012-03-11 15:53:04","","",10,47,"",NA,0,"2012-03-11","港《信报》消息：今天派驻英国记者到瓜瓜读书的英哈罗公学查询，校方答复，我校从不提供全额奖学金。",242,0.78125,0.0303030303030303,0.946969696969697,132,0.0285714285714286,0.971428571428571,70,0.00460829493087558,0.970046082949309,434,0,0.966442953020134,149,1809,0.0176893311221669,0.977888336097291,6892,0.00986651189785258,0.72460824143935,61,"m",TRUE,"2012-03-11",0
"uNEGOR32O","mNlhXMmL1y","mQk7xee0U4","","新浪微博","0","谁敢和特警过不去，特警就和谁过不去。这个车的设计，就构成＂危害公共安全罪＂．出车检验，构成＂伪劣产品罪＂．可以对生产厂和使用者都进行行政处罚和刑事处罚．请两个全国人大代表和政协委员立即提案．","","2012-03-06 15:40:23","","",10,95,"",NA,0,"2012-03-06","谁敢和特警过不去，特警就和谁过不去。这个车的设计，就构成＂危害公共安全罪＂．出车检验，构成＂伪劣产品罪＂．可以对生产厂和使用者都进行行政处罚和刑事处罚．请两个全国人大代表和政协委员立即提案．",1222,1.5625,0,1,185,0,1,89,0,1,212,0,1,71,208,0,1,5690,0.0031634446397188,0.900878734622144,41,"m",TRUE,"2012-03-06",0
"uONPHYU4E","m7K9nHH8Tj","","","投票","0","我参与了发起的投票【两会的刑诉法修正案第73条，现在该表决么？】，我投给了暂缓表决这1个选项。你也快来表态吧：","","2012-03-11 16:38:01","2012-03-13 00:31:16.268219","True",10,55,"2012-03-13 00:31:16",1.32864583333333,1,"2012-03-11","我参与了发起的投票【两会的刑诉法修正案第73条，现在该表决么？】，我投给了暂缓表决这1个选项。你也快来表态吧：",4335,1,0.153846153846154,0.769230769230769,26,0.153846153846154,0.769230769230769,26,0.0338983050847458,0.830508474576271,59,0.0338983050847458,0.830508474576271,59,758,0.0158311345646438,0.977572559366755,5026,0.0228810187027457,0.622363708714684,11,"m",TRUE,"2012-03-11",1
"uONPREH1I","mqJEJ7jhCF","mQWVElzCG5","uK3XTA011","新浪微博","0","现在快2000人了！期待您的加入！","","2012-12-20 22:29:45","2012-12-21 07:33:55.718546","True",51,17,"2012-12-21 07:33:55",0.377893518518519,1,"2012-12-20","现在快2000人了！期待您的加入！",336,1,0.0418300653594771,0.908496732026144,765,0.0338983050847458,0.920096852300242,413,0.0520446096654275,0.947955390334573,269,0.0504201680672269,0.915966386554622,119,1179,0.0517387616624258,0.897370653095844,269,0.0520446096654275,0.947955390334573,82,"m",FALSE,"2012-12-20",1
"uP2ZKBUGE","mGCDp0UZJM","","","皮皮时光机","1","中国泰坦尼克号3D被剪，卡梅隆听到的原因是...没想到总菊的官方理由真好意思往外说啊。。","","2012-04-14 23:41:08","","",15,44,"",NA,0,"2012-04-14","中国泰坦尼克号3D被剪，卡梅隆听到的原因是...没想到总菊的官方理由真好意思往外说啊。。",1516,1.5625,0,1,60,0,1,27,0,1,70,0,1,37,933,0,1,689,0,1,81,"f",FALSE,"2012-04-14",0
"uP2ZOAM5B","m1x1gnMmY","mNTHdMZlFe","u0VPYW20H","Android客户端","0","重庆这种事情，是不是国内的普遍现象？？//@人品森V：推荐给@中青报曹林","","2012-03-18 23:53:22","","",11,36,"",NA,0,"2012-03-18","重庆这种事情，是不是国内的普遍现象？？//@人品森V：推荐给@中青报曹林",1849,1.5625,0,1,19,0,1,18,0,1,15,0,1,11,227,0,1,1512,0,1,43,"m",FALSE,"2012-03-18",0
"uP2ZQRWG4","m0kZ4x0CNW","mVZTGYAvdc","uZXKDGXKA","360安全浏览器","0","重庆打压监控太厉害，否则重庆也会有这一幕的。深圳。在哪里？","","2012-12-24 00:07:57","2012-12-24 02:35:25.189016","True",52,29,"2012-12-24 02:35:25",0.102407407407407,1,"2012-12-24","重庆打压监控太厉害，否则重庆也会有这一幕的。深圳。在哪里？",1829,1,0.0859375,0.8359375,128,0.0277777777777778,0.833333333333333,36,0.172413793103448,0.436781609195402,87,0.197183098591549,0.408450704225352,71,211,0.0521327014218009,0.76303317535545,87,0.172413793103448,0.436781609195402,45,"m",FALSE,"2012-12-24",1
"uP2ZTFKIJ","m5uUf1v9GB","mj4XoGliDa","u351RB21Q","新浪微博","0","打黑黒打的真相正在逐步揭开，但这些直接的打手尚不是危害最大的，因为他们无论怎么作恶毕竟是局部的，那些受重庆各种形式直接和间接资助与组织，在学术界、媒体和网络上进行大力鼓噪，甚至至今还挂着某人头像以示忠贞的人，才是最需要揭露的，因为他们毒化了整个社会。","","2012-07-07 19:17:33","","",27,125,"",NA,0,"2012-07-07","打黑黒打的真相正在逐步揭开，但这些直接的打手尚不是危害最大的，因为他们无论怎么作恶毕竟是局部的，那些受重庆各种形式直接和间接资助与组织，在学术界、媒体和网络上进行大力鼓噪，甚至至今还挂着某人头像以示忠贞的人，才是最需要揭露的，因为他们毒化了整个社会。",4491,1.5625,0.00476190476190476,0.978571428571429,420,0.00909090909090909,0.995454545454545,220,0.00498753117206983,0.902743142144638,401,0.0048780487804878,0.926829268292683,205,4834,0.0043442283822921,0.953661563922218,4464,0.00739247311827957,0.718413978494624,11,"m",TRUE,"2012-07-07",0
"uP2ZY3FAQ","mHN13aiiON","","","iPhone客户端","0","改变命运的三种方法：读书，坐头等舱，唱民歌。","","2012-11-15 12:31:51","","True",46,22,"",NA,1,"2012-11-15","改变命运的三种方法：读书，坐头等舱，唱民歌。",4675,1,0,1,87,0,1,33,0,0.405405405405405,74,0,0.647058823529412,34,2924,0,1,396,0,0.704545454545455,100,"m",FALSE,"2012-11-15",1
"uPA3KG0CA","m2XU58ey7e","mVZTcJ7QmR","uVGJ1W22Z","360浏览器超速版","0","访民郭洪伟被围困（第四天）在北京的高楼，他高挂白色”救命“旗！向世人投降！同仁继续关注！","","2012-12-18 03:30:16","","",51,44,"",NA,0,"2012-12-18","访民郭洪伟被围困（第四天）在北京的高楼，他高挂白色”救命“旗！向世人投降！同仁继续关注！",1108,1.5625,0,1,261,0,1,71,0,1,92,NA,NA,0,531,0,1,92,0,1,32,"f",FALSE,"2012-12-18",0
"uPA3KXSV0","mhiZvNN1In","m2gylzlmE7","uTZ5DRQWV","新浪微博","0","流氓。疯狂无语！不用说了，肯定是日本派过来的间谍，专门制造混乱和搞破坏的，说白了就是汉奸","","2012-09-15 12:47:01","2012-09-15 14:51:14.588541","True",37,44,"2012-09-15 14:51:14",0.0862615740740741,1,"2012-09-15","流氓。疯狂无语！不用说了，肯定是日本派过来的间谍，专门制造混乱和搞破坏的，说白了就是汉奸",192,1,0,0.991228070175439,114,0,0.983333333333333,60,0,1,100,0,1,45,2685,0.00446927374301676,0.92364990689013,1821,0.0367929708951126,0.605161998901702,11,"m",TRUE,"2012-09-15",1
"uPA3L0RCF","mF8J134es2","","","iPhone客户端","1","【白静小三曝光】原来是健身教练！此人化名乔宇，冒充中组部官二代专门钓多金女，此人三年前结识白静老公周成海，先后骗取1000多万元，并把白静勾引上床，白静为小三宁愿与老公离婚，婆婆当场气死，周成海新仇旧恨，年后约见白静，二话不说就是三刀，当代潘金莲当场毙命。","","2012-03-01 23:14:23","","",9,128,"",NA,0,"2012-03-01","【白静小三曝光】原来是健身教练！此人化名乔宇，冒充中组部官二代专门钓多金女，此人三年前结识白静老公周成海，先后骗取1000多万元，并把白静勾引上床，白静为小三宁愿与老公离婚，婆婆当场气死，周成海新仇旧恨，年后约见白静，二话不说就是三刀，当代潘金莲当场毙命。",394,0.520833333333333,0,1,112,0,1,73,0,1,50,0,1,25,200,0,1,374,0,1,81,"m",FALSE,"2012-03-01",0
"uPKFJYDGF","m2DrDOB7n4","mu9gFECzc9","uCBTZBHNA","iPhone客户端","0","还有半句话：到时你们出问题了，还说是我们审阅小组的问题，我们负不起这个历史责任。哦？求证","","2012-12-09 12:37:20","","True",49,44,"",NA,1,"2012-12-09","还有半句话：到时你们出问题了，还说是我们审阅小组的问题，我们负不起这个历史责任。哦？求证",1392,1,0.0078125,0.80859375,256,0.0106951871657754,0.79144385026738,187,0.0323886639676113,0.639676113360324,247,0.0536912751677852,0.657718120805369,149,353,0.0056657223796034,0.861189801699717,506,0.0513833992094862,0.66798418972332,14,"m",FALSE,"2012-12-09",1
"uPKFMY5HB","mfsBQEpSrG","mzHPMFvfnx","","新浪微博","0","请求大家一起转发。呼吁人大代表们亮出自己的良知，让这个不作为的最高人民法院知道无辜的人是不能杀的，冤案是必须纠正的，死扛不纠是要受到惩罚的。转发微博","","2012-03-06 18:45:45","","",10,74,"",NA,0,"2012-03-06","请求大家一起转发。呼吁人大代表们亮出自己的良知，让这个不作为的最高人民法院知道无辜的人是不能杀的，冤案是必须纠正的，死扛不纠是要受到惩罚的。转发微博",1180,1.04166666666667,0,1,234,0,1,116,0,1,178,0,1,87,238,0,1,2672,0.00748502994011976,0.88809880239521,11,"m",TRUE,"2012-03-06",0
"uPVD3S5NS","mexuEJYYyw","mVZTcJ7QmR","uVGJ1W22Z","新浪微博","0","访民郭洪伟被围困（第四天）在北京的高楼，他高挂白色”救命“旗！向世人投降！同仁继续关注！","","2012-12-18 01:12:04","","True",51,44,"",NA,1,"2012-12-18","访民郭洪伟被围困（第四天）在北京的高楼，他高挂白色”救命“旗！向世人投降！同仁继续关注！",1108,1,0,0.968652037617555,319,0,0.915966386554622,119,0.0159817351598174,0.936073059360731,438,0,0.938775510204082,147,418,0,0.976076555023923,592,0.0152027027027027,0.925675675675676,34,"m",FALSE,"2012-12-18",1
"uPVDC0AY4","mjxD9RTKlp","","","FaWave","1","【今年最伟大的领导人-菲律宾总统阿基诺三世】1、仅靠一艘二手舰和拥有三大舰队N多核武的泱泱大国对峙。2、在两国对峙中，始终掌握主动，让对方精英跟着自己的指挥棒起舞。该大国打也不能，退也不能，极度郁闷却束手无策。3、在领海纠纷同时，竟还能从该国手中拿到120亿美元经济援助，仅此可载入史册。","","2012-05-03 17:10:54","","",18,144,"",NA,0,"2012-05-03","【今年最伟大的领导人-菲律宾总统阿基诺三世】1、仅靠一艘二手舰和拥有三大舰队N多核武的泱泱大国对峙。2、在两国对峙中，始终掌握主动，让对方精英跟着自己的指挥棒起舞。该大国打也不能，退也不能，极度郁闷却束手无策。3、在领海纠纷同时，竟还能从该国手中拿到120亿美元经济援助，仅此可载入史册。",2361,0.390625,0,1,31,0,1,7,0,1,23,0,1,7,399,0,1,433,0,1,11,"m",FALSE,"2012-05-03",0
"uPVDVYVJ0","m7yQChNUrL","mrAy9bOi60","uHRVYULME","新浪微博","0","送君送到大路旁，君的恩情永不忘，农友乡亲心里亮，隔山隔水永相望。送君送到大树下，心里几多知心话，出生入死闹革命，枪淋弹雨把敌杀。半间屋前川水流，革命的友谊才开头，哪有利刀能劈水，哪有利剑能斩愁。风里浪里你行船，我执梭镖望君还","","2012-12-16 02:19:22","","",50,112,"",NA,0,"2012-12-16","送君送到大路旁，君的恩情永不忘，农友乡亲心里亮，隔山隔水永相望。送君送到大树下，心里几多知心话，出生入死闹革命，枪淋弹雨把敌杀。半间屋前川水流，革命的友谊才开头，哪有利刀能劈水，哪有利剑能斩愁。风里浪里你行船，我执梭镖望君还",1738,1.5625,0.0111111111111111,0.956565656565657,990,0.0144927536231884,0.93719806763285,414,0.0187667560321716,0.943699731903485,746,0.0299625468164794,0.880149812734082,267,1281,0.00858704137392662,0.964090554254489,1360,0.0183823529411765,0.960294117647059,44,"f",FALSE,"2012-12-16",0
"uQHCWA53W","mtqH0pOqEC","mxAtzNBfDz","uR1WBBF0O","iPhone客户端","0","【跨省毁报，是对中国新闻界的肆意践踏】几十万份报纸被废印厂，监督公权的新闻调查遭遇封杀。请全中国70万新闻记者一起呼吁，此风不可长！否则无新闻！","","2012-10-09 14:47:22","2012-10-10 15:11:49.329598","True",41,72,"2012-10-10 15:11:49",1.01697916666667,1,"2012-10-09","【跨省毁报，是对中国新闻界的肆意践踏】几十万份报纸被废印厂，监督公权的新闻调查遭遇封杀。请全中国70万新闻记者一起呼吁，此风不可长！否则无新闻！",1289,1,0,0.0333333333333333,30,0,0,15,0,0.0625,16,0,0.0909090909090909,11,1394,0.00143472022955524,0.715925394548063,294,0.00680272108843537,0.414965986394558,100,"f",TRUE,"2012-10-09",1
"uQHW4YDW4","m4Yd7BDKOR","mZm9whi9ip","uNEGOQE1W","新浪微博","0","何删删威武霸气不解释。何观察威武","","2012-12-27 14:16:47","2012-12-27 18:55:55.218702","True",52,16,"2012-12-27 18:55:55",0.193842592592593,1,"2012-12-27","何删删威武霸气不解释。何观察威武",2497,1,0.00942507068803016,0.986804901036758,1061,0.00326797385620915,0.980392156862745,306,0.0131004366812227,0.991266375545852,229,0.0131004366812227,0.991266375545852,229,2204,0.00862068965517241,0.980036297640653,229,0.0131004366812227,0.991266375545852,11,"m",FALSE,"2012-12-27",1
"uQSM3SOIN","mkpnIc4QY6","m9hThHSugT","uBKZ0FFUJ","新浪微博","0","颜色差不多。回复你太有才了！区别在于一个是他们代表我们白天出席活动的场所，一个是他们代表自己夜晚出席活动的场所，","","2012-03-04 22:59:00","","",9,56,"",NA,0,"2012-03-04","颜色差不多。回复你太有才了！区别在于一个是他们代表我们白天出席活动的场所，一个是他们代表自己夜晚出席活动的场所，",2011,3.125,0,1,209,0,1,104,0,1,390,0,1,140,1902,0,1,1535,0.000651465798045603,0.974592833876222,33,"m",TRUE,"2012-03-04",0
"uQSM5HJVT","m7yQNRhv1m","m4h4is3Cb7","uFAJESVX","新浪微博","0","置顶微博谁能告诉我？什么话我不可以说？凭什么删我的帖？@于建嵘","","2012-12-23 22:29:11","","True",51,31,"",NA,1,"2012-12-23","置顶微博谁能告诉我？什么话我不可以说？凭什么删我的帖？@于建嵘",755,1,0.00655737704918033,0.859016393442623,305,0.00862068965517241,0.844827586206897,116,0.0121951219512195,0.835365853658537,164,0.0101010101010101,0.828282828282828,99,967,0.00413650465356774,0.843846949327818,164,0.0121951219512195,0.835365853658537,100,"m",FALSE,"2012-12-23",1
"uQSML5HGZ","mevLXY3gM6","m9hThHSugT","","新浪微博","0","颜色差不多。回复你太有才了！区别在于一个是他们代表我们白天出席活动的场所，一个是他们代表自己夜晚出席活动的场所，","","2012-03-04 22:48:58","2012-03-05 12:01:09.103312","True",9,56,"2012-03-05 12:01:09",0.550127314814815,1,"2012-03-04","颜色差不多。回复你太有才了！区别在于一个是他们代表我们白天出席活动的场所，一个是他们代表自己夜晚出席活动的场所，",2011,1,0,0.978142076502732,183,0,0.953488372093023,86,0,0.930851063829787,188,0,0.987951807228916,83,1186,0,0.996627318718381,5633,0.00106515178412924,0.89508254926327,33,"m",TRUE,"2012-03-04",1
"uQSMZZHED","mR6bKVXXsx","mpGACfzKjl","uJ2YYTIWY","新浪微博","0","请大家响应中央号召，举报贪腐嫌疑人，黑社会的大靠山:重庆表叔！","","2012-12-27 13:15:53","2012-12-27 14:01:19.428860","True",52,31,"2012-12-27 14:01:19",0.0315509259259259,1,"2012-12-27","请大家响应中央号召，举报贪腐嫌疑人，黑社会的大靠山:重庆表叔！",1165,1,0.0158730158730159,0.873015873015873,63,0.0158730158730159,0.873015873015873,63,0.0645161290322581,0.838709677419355,62,0.0645161290322581,0.838709677419355,62,91,0.010989010989011,0.912087912087912,62,0.0645161290322581,0.838709677419355,11,"m",FALSE,"2012-12-27",1
"uQZ0R4DHC","m3e34e0l8V","m2gylzlmE7","uTZ5DRQWV","专业版微博","0","流氓。疯狂无语！不用说了，肯定是日本派过来的间谍，专门制造混乱和搞破坏的，说白了就是汉奸","","2012-09-15 13:45:33","","",37,44,"",NA,0,"2012-09-15","流氓。疯狂无语！不用说了，肯定是日本派过来的间谍，专门制造混乱和搞破坏的，说白了就是汉奸",192,1.5625,0,1,325,0,1,300,0,1,972,0,1,473,4684,0.000213492741246798,0.978223740392827,4716,0,0.970525869380831,32,"m",TRUE,"2012-09-15",0
"uQZA42QCA","mxA6XbB2uA","mfosLp020w","uPVDECEXH","新浪微博","0","这条新闻财新网高调发了，很高调连续几贴，可惜大家当时没注意，现在这条新闻被快速屏蔽了，有人很害怕，他害怕的就是我们要高调扩散的。","","2012-12-22 23:09:01","","",51,64,"",NA,0,"2012-12-22","这条新闻财新网高调发了，很高调连续几贴，可惜大家当时没注意，现在这条新闻被快速屏蔽了，有人很害怕，他害怕的就是我们要高调扩散的。",1660,1.5625,0.0647058823529412,0.764705882352941,170,0.0821917808219178,0.780821917808219,73,0.041025641025641,0.779487179487179,195,0.048,0.72,125,320,0.053125,0.765625,195,0.041025641025641,0.779487179487179,100,"m",FALSE,"2012-12-22",0
"uR1W0SKET","mPow62AU9z","mVZTGYAvdc","uZXKDGXKA","新浪微博","0","重庆打压监控太厉害，否则重庆也会有这一幕的。深圳。在哪里？","","2012-12-24 00:09:25","","",52,29,"",NA,0,"2012-12-24","重庆打压监控太厉害，否则重庆也会有这一幕的。深圳。在哪里？",1829,1.5625,0.0846394984326019,0.799373040752351,319,0.096,0.872,125,0.078740157480315,0.874015748031496,381,0.0522648083623693,0.871080139372822,287,1061,0.0650329877474081,0.74363807728558,381,0.078740157480315,0.874015748031496,34,"m",FALSE,"2012-12-24",0
"uR1WOGA5X","mr3Zv9Rj6k","","","短信","0","【温总理语录】2008：今年恐怕是中国经济最困难的一年。2009：今年是新世纪中国经济最困难的一年。2010：今年是中国经济最复杂的一年。2011：今年中国经济不比任何一年轻松。2012：今年一季度可能比较困难…到底哪一年最困难您明白了吗？","","2012-01-19 08:01:05","","True",3,120,"",NA,1,"2012-01-19","【温总理语录】2008：今年恐怕是中国经济最困难的一年。2009：今年是新世纪中国经济最困难的一年。2010：今年是中国经济最复杂的一年。2011：今年中国经济不比任何一年轻松。2012：今年一季度可能比较困难…到底哪一年最困难您明白了吗？",234,1,0,1,390,0,1,170,0,1,344,0,1,135,660,0,1,19195,0.00333420161500391,0.92190674654858,11,"m",TRUE,"2012-01-19",1
"uRLODIACM","mu9OKNOWNP","","","新浪微博","1","【上海电视台女主持过分暴露四处走光引投诉】因上海某电视台女主持做节目时屡屡俯身采访暴露过多，而引起网友广泛热议。据电视画面，这名女主持人在采访和做节目的时候，时常内衣隐现、身形毕露，受到了不少网友的指责和投诉。","","2012-02-21 10:57:23","2012-02-21 15:19:37.753560","True",8,105,"2012-02-21 15:19:37",0.182106481481481,1,"2012-02-21","【上海电视台女主持过分暴露四处走光引投诉】因上海某电视台女主持做节目时屡屡俯身采访暴露过多，而引起网友广泛热议。据电视画面，这名女主持人在采访和做节目的时候，时常内衣隐现、身形毕露，受到了不少网友的指责和投诉。",4554,1,0,0.995762711864407,236,0,0.988505747126437,87,0,1,177,0,1,80,1325,0,0.999245283018868,3451,0.000579542161692263,0.414082874529122,11,"f",TRUE,"2012-02-21",1
"uRLODTNVS","m0WlJTiw9R","","","iPhone客户端","1","杨佳的姨妈说，杨佳工作一年多后辞职。因为他辛苦攒钱买的山地车丢了。那辆车1000多元。车被偷的那晚，北京大雪，杨佳雪中走6小时才到家。但无任何警察帮他找回那辆车。近日，日本游客丢车，武汉动用大量资源、一夜找回。一个在自己国土生活28年的杨佳，袭警前是该多么绝望。","","2012-02-22 09:04:52","","True",8,131,"",NA,1,"2012-02-22","杨佳的姨妈说，杨佳工作一年多后辞职。因为他辛苦攒钱买的山地车丢了。那辆车1000多元。车被偷的那晚，北京大雪，杨佳雪中走6小时才到家。但无任何警察帮他找回那辆车。近日，日本游客丢车，武汉动用大量资源、一夜找回。一个在自己国土生活28年的杨佳，袭警前是该多么绝望。",5049,1,0,1,68,0,1,23,0,1,70,0,1,13,361,0,0.988919667590028,2551,0,0.831046648373187,11,"m",TRUE,"2012-02-22",1
"uRSRCNR0E","mRc3Wg8cr9","mzqkQ6rMvi","uQHC0KCMD","皮皮时光机","0","太恐怖了！以后再也不敢了！切记切记！快转给亲朋好友看一下...","","2012-02-04 20:52:02","","",5,31,"",NA,0,"2012-02-04","太恐怖了！以后再也不敢了！切记切记！快转给亲朋好友看一下...",3638,1.5625,0,1,212,0,1,169,0,1,522,0,1,261,1220,0,1,15948,0,1,31,"m",FALSE,"2012-02-04",0
"uRSRLXDH1","mfseP5vq0l","","","皮皮时光机","0","【温总理语录】2008：今年恐怕是中国经济最困难的一年。2009：今年是新世纪中国经济最困难的一年。2010：今年是中国经济最复杂的一年。2011：今年中国经济不比任何一年轻松。2012：今年一季度可能比较困难…到底哪一年最困难您明白了吗？","","2012-01-19 21:30:16","","",3,120,"",NA,0,"2012-01-19","【温总理语录】2008：今年恐怕是中国经济最困难的一年。2009：今年是新世纪中国经济最困难的一年。2010：今年是中国经济最复杂的一年。2011：今年中国经济不比任何一年轻松。2012：今年一季度可能比较困难…到底哪一年最困难您明白了吗？",234,0.520833333333333,0,1,153,0,1,71,0,1,181,0,1,85,308,0,1,6836,0.000146284376828555,0.977179637214745,32,"m",TRUE,"2012-01-19",0
"uRU1CLXJ","mcDy6isEwz","mCVVz00zDf","uRLOZDGHN","UC浏览器","0","恭喜广东，终于率先跟美国接轨了。大海应该当美国总统啊，当个副总理真他妈屈才了","","2012-12-28 20:38:51","","True",52,38,"",NA,1,"2012-12-28","恭喜广东，终于率先跟美国接轨了。大海应该当美国总统啊，当个副总理真他妈屈才了",4185,1,0.0402010050251256,0.663316582914573,199,0.0701754385964912,0.631578947368421,114,0.272727272727273,0.636363636363636,11,0.272727272727273,0.636363636363636,11,459,0.0196078431372549,0.647058823529412,11,0.272727272727273,0.636363636363636,37,"m",FALSE,"2012-12-28",1
"uRU1PIBS","mhiv1mvwsa","","","专业版微博","1","【重庆雷政富同志，请辟谣！】资深调查记者举报，重庆市北碚区委书记雷政富（正厅级），与重庆市开县赵家镇18岁女青年赵红霞发生不正当男女关系后，又动用权力将赵红霞抓捕，试图封口。由于本人水平有限，无法识别图片真伪，群众的眼睛是雪亮的，诚邀广大网友一起鉴定！","","2012-11-21 14:28:38","","",47,126,"",NA,0,"2012-11-21","【重庆雷政富同志，请辟谣！】资深调查记者举报，重庆市北碚区委书记雷政富（正厅级），与重庆市开县赵家镇18岁女青年赵红霞发生不正当男女关系后，又动用权力将赵红霞抓捕，试图封口。由于本人水平有限，无法识别图片真伪，群众的眼睛是雪亮的，诚邀广大网友一起鉴定！",1855,1.5625,0,1,45,0,1,45,0,0.963470319634703,219,0,0.903614457831325,83,3008,0.000332446808510638,0.974401595744681,982,0,0.990835030549898,33,"m",TRUE,"2012-11-21",0
"uRUCMTZ2","mEmpQpvtjp","mFLDsezodh","uP2ZBH2NK","新浪微博","0","这条我通过不断的删减，只发了6次就发出来了。事实证明我们比朝鲜好多了，不是独裁国家。","","2012-12-16 19:21:34","2012-12-17 07:39:08.188546","True",50,42,"2012-12-17 07:39:08",0.512199074074074,1,"2012-12-16","这条我通过不断的删减，只发了6次就发出来了。事实证明我们比朝鲜好多了，不是独裁国家。",1657,1,0.0104166666666667,0.927083333333333,288,0.0177514792899408,0.988165680473373,169,0.0344827586206897,0.817733990147783,203,0.0099009900990099,0.801980198019802,101,432,0.0138888888888889,0.916666666666667,318,0.0345911949685535,0.849056603773585,22,"m",FALSE,"2012-12-16",1
"uRUCU0O5","m3enRcYQZP","","","新浪微博","1","新浪、腾讯微博，包括昨天关闭一些社区站的原因出来了，请大家相互转发通告示！见图！","","2012-03-31 09:41:55","","",13,40,"",NA,0,"2012-03-31","新浪、腾讯微博，包括昨天关闭一些社区站的原因出来了，请大家相互转发通告示！见图！",4738,0.130208333333333,0,1,1,0,1,1,0,1,1,NA,NA,0,29,0,1,8,0,1,31,"m",FALSE,"2012-03-31",0
"uS5W0FJQH","mxOIT6uQi8","m0WCY3qiTP","uS5WEIWSD","新浪微博","0","白天瞎JB忙，晚上JB瞎忙....","","2012-12-29 13:02:42","","",52,17,"",NA,0,"2012-12-29","白天瞎JB忙，晚上JB瞎忙....",390,1.5625,0.00746268656716418,0.798507462686567,134,0.0102040816326531,0.826530612244898,98,0,0.857142857142857,28,0,0.857142857142857,28,134,0.00746268656716418,0.798507462686567,28,0,0.857142857142857,44,"m",FALSE,"2012-12-29",0
"uS5WC1XRW","m5PWpXs9Hi","mEmYtqFnNj","uPVDKM4XR","政府版微博","0","华龙网官方微博消息称：有网友在两江论坛上公布了一张王立军精神状况诊断书，诊断书中写到：“专家根据患者临床表现，初步诊断患者目前存在抑郁状态和重度抑郁发作”。华龙网是重庆新闻门户网站，由中共重庆市委宣传部主管，重庆日报报业集团主办。","","2012-02-11 00:38:39","2012-02-11 02:26:49.520571","True",6,115,"2012-02-11 02:26:49",0.0751157407407407,1,"2012-02-11","华龙网官方微博消息称：有网友在两江论坛上公布了一张王立军精神状况诊断书，诊断书中写到：“专家根据患者临床表现，初步诊断患者目前存在抑郁状态和重度抑郁发作”。华龙网是重庆新闻门户网站，由中共重庆市委宣传部主管，重庆日报报业集团主办。",3015,1,0,1,315,0,1,194,0.00336700336700337,0.98989898989899,297,0,1,155,1381,0,1,2178,0.00137741046831956,0.975206611570248,11,"m",TRUE,"2012-02-11",1
"uSIARHHW3","mAMiWMXe8e","mfosLp020w","uPVDECEXH","新浪微博","0","这条新闻财新网高调发了，很高调连续几贴，可惜大家当时没注意，现在这条新闻被快速屏蔽了，有人很害怕，他害怕的就是我们要高调扩散的。","","2012-12-22 21:51:02","2012-12-23 07:50:01.578545","True",51,64,"2012-12-23 07:50:01",0.415960648148148,1,"2012-12-22","这条新闻财新网高调发了，很高调连续几贴，可惜大家当时没注意，现在这条新闻被快速屏蔽了，有人很害怕，他害怕的就是我们要高调扩散的。",1660,1,0.029940119760479,0.81437125748503,167,0.0427350427350427,0.829059829059829,117,0,0.941176470588235,34,0,0.941176470588235,34,167,0.029940119760479,0.81437125748503,34,0,0.941176470588235,50,"f",FALSE,"2012-12-22",1
"uTS2DK13A","mS3yslbsnQ","","","新浪微博","1","【重庆雷政富同志，请辟谣！】资深调查记者举报，重庆市北碚区委书记雷政富（正厅级），与重庆市开县赵家镇18岁女青年赵红霞发生不正当男女关系后，又动用权力将赵红霞抓捕，试图封口。由于本人水平有限，无法识别图片真伪，群众的眼睛是雪亮的，诚邀广大网友一起鉴定！","","2012-11-21 12:36:27","","True",47,126,"",NA,1,"2012-11-21","【重庆雷政富同志，请辟谣！】资深调查记者举报，重庆市北碚区委书记雷政富（正厅级），与重庆市开县赵家镇18岁女青年赵红霞发生不正当男女关系后，又动用权力将赵红霞抓捕，试图封口。由于本人水平有限，无法识别图片真伪，群众的眼睛是雪亮的，诚邀广大网友一起鉴定！",1855,1,0,1,180,0,1,67,0,0.661417322834646,254,0,1,101,5276,0.00189537528430629,0.957164518574678,1032,0.00387596899224806,0.452519379844961,11,"m",TRUE,"2012-11-21",1
"uTS2EXL4V","mpbE4lFUtZ","mdZ5wFuUGR","uVEQAX0VP","诺基亚C7","0","太感人了一杯薄酒，一份薄礼！值得一看，朋友们，她一定会拨动你的心弦，只要你是一个善良的人，看后，你一定会受到这些自发的普通老百姓的感染而落泪！转","","2012-12-13 10:43:41","","",50,72,"",NA,0,"2012-12-13","太感人了一杯薄酒，一份薄礼！值得一看，朋友们，她一定会拨动你的心弦，只要你是一个善良的人，看后，你一定会受到这些自发的普通老百姓的感染而落泪！转",3640,3.125,0.0701754385964912,0.526315789473684,171,0.180327868852459,0.573770491803279,61,0.0273972602739726,0.815068493150685,292,0.0421686746987952,0.740963855421687,166,171,0.0701754385964912,0.526315789473684,559,0.0393559928443649,0.78175313059034,37,"m",FALSE,"2012-12-13",0
"uTS2GQE50","mf6iIPXWzS","mhRE26KQ7S","uATZFNZDY","WeicoPro","0","纵深思考王立军事件的后续效应。瞧这眼神王立军可能并未想通过美国庇护离开中国。最大可能是想脱离重庆控制同时保证自身安全，最后到达北京再向最高层面陈红都秘闻。美方给予了协助，令北京有时间协调安排，顺利抵京。这是一招险棋，王毕竟是经验丰富老刑警","","2012-02-09 17:14:41","","",6,119,"",NA,0,"2012-02-09","纵深思考王立军事件的后续效应。瞧这眼神王立军可能并未想通过美国庇护离开中国。最大可能是想脱离重庆控制同时保证自身安全，最后到达北京再向最高层面陈红都秘闻。美方给予了协助，令北京有时间协调安排，顺利抵京。这是一招险棋，王毕竟是经验丰富老刑警",635,1.5625,0,1,206,0,1,90,0,1,209,0,1,77,839,0,1,3713,0.000269323996768112,0.967950444384595,31,"m",TRUE,"2012-02-09",0
"uUPCRA1WE","mgqtIfc9X","mc9Ear74Iv","","新浪微博","0","【微无语】广告牌上的北京精神，顿时黯然失色……","","2012-07-19 21:31:13","","",29,23,"",NA,0,"2012-07-19","【微无语】广告牌上的北京精神，顿时黯然失色……",4133,1.5625,0,1,241,0,1,92,0,1,539,0,1,218,3086,0.00259235255994815,0.950421257290992,4446,0.0067476383265857,0.849752586594692,11,"m",FALSE,"2012-07-19",0
"uUPCX3QDL","mkpnw3KM6R","","","投票","0","我参与了发起的投票【两会的刑诉法修正案第73条，现在该表决么？】，我投给了暂缓表决这1个选项。你也快来表态吧：","","2012-03-11 19:33:07","","",10,55,"",NA,0,"2012-03-11","我参与了发起的投票【两会的刑诉法修正案第73条，现在该表决么？】，我投给了暂缓表决这1个选项。你也快来表态吧：",4335,1.5625,0.0535714285714286,0.839285714285714,112,0.0847457627118644,0.76271186440678,59,0.0222222222222222,0.833333333333333,90,0,0.684210526315789,38,999,0.017017017017017,0.967967967967968,4821,0.0174237710018668,0.73387264053101,51,"f",TRUE,"2012-03-11",0
"uUPWB4KX0","mxA6Qrlvzd","mrAXp6SJq1","uAHFQZNMD","Android客户端","0","王登朝老婆:深圳警察王登朝，今年3月初在深圳莲花山公园组织一个宣传民主的集会，被当局重判14年。王登朝专门贷款50万筹办这次民主聚会，这个绝对是全国首创。初步了解印制了大量文化衫，标语，还请人上街派传单，宣传等，原计划集会现场数千人。现地址：深圳市罗湖看守所","","2012-12-26 02:54:46","2012-12-27 14:26:13.679796","True",52,129,"2012-12-27 14:26:13",1.48017361111111,1,"2012-12-26","王登朝老婆:深圳警察王登朝，今年3月初在深圳莲花山公园组织一个宣传民主的集会，被当局重判14年。王登朝专门贷款50万筹办这次民主聚会，这个绝对是全国首创。初步了解印制了大量文化衫，标语，还请人上街派传单，宣传等，原计划集会现场数千人。现地址：深圳市罗湖看守所",301,1,0.027027027027027,0.897297297297297,370,0.0465116279069767,0.941860465116279,172,0.00816326530612245,0.951020408163265,245,0.00816326530612245,0.951020408163265,245,371,0.0269541778975741,0.897574123989218,245,0.00816326530612245,0.951020408163265,400,"m",FALSE,"2012-12-26",1
"uVEQQ3F5O","mA36EsnIDg","m1Rl9oQMD","uATZWVEBM","360安全浏览器","0","圣诞节和中国圣诞节有如此不同哟..","","2012-12-25 00:49:22","","",52,17,"",NA,0,"2012-12-25","圣诞节和中国圣诞节有如此不同哟..",3447,1.5625,0.0290275761973875,0.925979680696662,689,0.0255681818181818,0.934659090909091,352,0.0300751879699248,0.912280701754386,399,0.0348101265822785,0.905063291139241,316,1818,0.0308030803080308,0.915841584158416,399,0.0300751879699248,0.912280701754386,11,"m",FALSE,"2012-12-25",0
"uVEQQ3F5O","m6ELMndHtx","mvRZ7UsdJI","u1CR2T0OF","投票","0","我投给了不同意加强网络管控这个选项。","","2012-12-21 21:05:02","2012-12-22 16:08:40.658546","True",51,18,"2012-12-22 16:08:40",0.794189814814815,1,"2012-12-21","我投给了不同意加强网络管控这个选项。",4405,1,0.0396039603960396,0.914191419141914,606,0.0344827586206897,0.926724137931034,232,0.0264993026499303,0.919107391910739,717,0.0220125786163522,0.927672955974843,318,1466,0.0320600272851296,0.911323328785812,717,0.0264993026499303,0.919107391910739,11,"m",FALSE,"2012-12-21",1
"uVGJCR0S5","mNTZoXvJ7D","mNlTloCrZX","u3JLNC2IP","360安全浏览器","0","其中12人拥有房产。43人是私人公司ceo，24人拥有自己的公司。26人是国营公司ceo","","2012-12-28 10:03:33","2012-12-30 07:44:00.528546","True",52,44,"2012-12-30 07:44:00",1.90309027777778,1,"2012-12-28","其中12人拥有房产。43人是私人公司ceo，24人拥有自己的公司。26人是国营公司ceo",2784,1,0.0125786163522013,0.962264150943396,318,0.0178571428571429,0.946428571428571,224,0.0075187969924812,0.984962406015038,133,0.0075187969924812,0.984962406015038,133,416,0.00961538461538462,0.971153846153846,133,0.0075187969924812,0.984962406015038,43,"m",FALSE,"2012-12-28",1
"uVT4IUNLU","m7nFAbmKd1","mnzEyVz4vD","uRLODKDZ4","新浪微博","0","学打一个新词：八老！带领咱们向钱进！嘿！向钱进！哦老革命家族富豪排行榜吧…我截图了…嘿嘿嘿…说革命先烈和他们的子孙们。","","2012-12-28 17:10:20","","",52,59,"",NA,0,"2012-12-28","学打一个新词：八老！带领咱们向钱进！嘿！向钱进！哦老革命家族富豪排行榜吧…我截图了…嘿嘿嘿…说革命先烈和他们的子孙们。",3815,1.5625,0.0498812351543943,0.907363420427553,421,0.0722222222222222,0.866666666666667,180,0.0638297872340425,0.734042553191489,94,0.0638297872340425,0.734042553191489,94,852,0.0481220657276995,0.877934272300469,94,0.0638297872340425,0.734042553191489,33,"m",FALSE,"2012-12-28",0
"uW0E0O1ED","mrAX29hWDN","mvRZdKU4TE","uAHFPSHS2","新浪微博","0","哈哈，雷某些人。再转！这张照片说明了是哪部分再害怕网络。网络","","2012-12-22 14:04:25","","True",51,30,"",NA,1,"2012-12-22","哈哈，雷某些人。再转！这张照片说明了是哪部分再害怕网络。网络",3281,1,0.00985761226725082,0.926615553121577,913,0.00595238095238095,0.925595238095238,336,0.00839160839160839,0.978321678321678,1430,0.0124804992199688,0.970358814352574,641,3000,0.00866666666666667,0.936,1430,0.00839160839160839,0.978321678321678,31,"m",FALSE,"2012-12-22",1
"uW0E0O1ED","meBmq4jy0j","mpGAIp7pg6","uLMIQBQYG","新浪微博","0","还是有真心疼爱雷书记的人哦！父子情浓于水，兄弟手足情！","","2012-12-24 12:29:32","","",52,27,"",NA,0,"2012-12-24","还是有真心疼爱雷书记的人哦！父子情浓于水，兄弟手足情！",1383,1.5625,0.014,0.941,1000,0.0241286863270777,0.935656836461126,373,0.00509337860780985,0.985568760611205,1178,0.00378787878787879,0.991161616161616,792,3184,0.0103643216080402,0.9375,1178,0.00509337860780985,0.985568760611205,31,"m",FALSE,"2012-12-24",0
"uW0ELXQIB","mNT8LM0xFV","","","皮皮时光机","1","【白静小三曝光】原来是健身教练！此人化名乔宇，冒充中组部官二代专门钓多金女，此人三年前结识白静老公周成海，先后骗取1000多万元，并把白静勾引上床，白静为小三宁愿与老公离婚，婆婆当场气死，周成海新仇旧恨，年后约见白静，二话不说就是三刀，当代潘金莲当场毙命。","","2012-03-01 08:34:12","","True",9,128,"",NA,1,"2012-03-01","【白静小三曝光】原来是健身教练！此人化名乔宇，冒充中组部官二代专门钓多金女，此人三年前结识白静老公周成海，先后骗取1000多万元，并把白静勾引上床，白静为小三宁愿与老公离婚，婆婆当场气死，周成海新仇旧恨，年后约见白静，二话不说就是三刀，当代潘金莲当场毙命。",394,1,0,1,59,0,1,59,0,0.886666666666667,150,0,1,88,59,0,1,544,0,0.96875,11,"f",FALSE,"2012-03-01",1
"uWWBKD1HY","m7nkBfqBzl","","","新浪微博","1","无论多么帅的锅都驾驭不了主席的发型。。。","","2012-12-14 22:11:07","","True",50,20,"",NA,1,"2012-12-14","无论多么帅的锅都驾驭不了主席的发型。。。",4754,1,0,1,168,0,1,72,0,1,146,0,1,67,11235,0,1,261,0,1,31,"m",FALSE,"2012-12-14",1
"uWWBYOFQQ","m7du4kv6Hv","mCV085Utid","uK3RRIB3N","iPhone客户端","0","这样的事，我们难道不应该认真的反省吗？在那场空前绝后的大饥荒中，河南、四川的情况最为严重，这其中固然有人口的因素，但更重要的还是取决于当地的一把手。记住这两个人：河南的吴芝圃，四川的李井泉。","","2012-02-05 08:59:50","2012-02-05 15:01:13.369790","True",5,95,"2012-02-05 15:01:13",0.250960648148148,1,"2012-02-05","这样的事，我们难道不应该认真的反省吗？在那场空前绝后的大饥荒中，河南、四川的情况最为严重，这其中固然有人口的因素，但更重要的还是取决于当地的一把手。记住这两个人：河南的吴芝圃，四川的李井泉。",1662,1,0,1,73,0,1,28,0,0.981308411214953,107,0,0.964912280701754,57,295,0,1,4760,0.00861344537815126,0.455882352941176,11,"m",TRUE,"2012-02-05",1
"uWWBZP45W","mzq99migBs","mcXQWrpDyI","uMMSC4MV5","iPad客户端","0","我只知道公租房都会通轻轨，这在别处还有么","","2012-12-24 23:44:58","","",52,20,"",NA,0,"2012-12-24","我只知道公租房都会通轻轨，这在别处还有么",4349,1.5625,0.0304568527918782,0.857868020304569,197,0.0310880829015544,0.854922279792746,193,0.0260047281323877,0.886524822695035,423,0.0176056338028169,0.883802816901408,284,217,0.0276497695852535,0.870967741935484,423,0.0260047281323877,0.886524822695035,31,"f",FALSE,"2012-12-24",0
"uWYNHODXB","mqJwR02KnI","mNTHdMZlFe","","iPhone客户端","0","重庆这种事情，是不是国内的普遍现象？？//@人品森V：推荐给@中青报曹林","","2012-03-18 23:56:05","2012-03-20 18:09:49.174512","True",11,36,"2012-03-20 18:09:49",1.75953703703704,1,"2012-03-18","重庆这种事情，是不是国内的普遍现象？？//@人品森V：推荐给@中青报曹林",1849,1,0,1,32,0,1,15,0,1,105,0,1,35,252,0,0.948412698412698,1978,0.0106167846309403,0.756825075834176,53,"m",FALSE,"2012-03-18",1
"uWYNZ4QE1","mBsbCnXrU1","mkGsWh1M0K","uB4H2IGZF","专业版微博","0","该绳之以法。这就是＂爱国暴民＂的杰作！","","2012-09-16 14:40:28","","",37,19,"",NA,0,"2012-09-16","该绳之以法。这就是＂爱国暴民＂的杰作！",1124,1.5625,0,1,256,0,1,137,0,1,217,0,1,175,899,0,0.991101223581758,1437,0,0.977035490605428,61,"m",TRUE,"2012-09-16",0
"uY020HRYI","mVZFVrLbhk","","","FaWave","1","他们是：日本天皇，美国总统，中国市长。。。。。。。","","2012-04-14 18:12:01","","",15,25,"",NA,0,"2012-04-14","他们是：日本天皇，美国总统，中国市长。。。。。。。",2401,0.78125,0,1,167,0,1,12,0,1,270,0,1,102,3772,0,1,6562,0.00167631819567205,0.874428527887839,11,"m",FALSE,"2012-04-14",0
"uY020NB3C","mLLipxUsRa","","","新浪微博","1","杨佳的姨妈说，杨佳工作一年多后辞职。因为他辛苦攒钱买的山地车丢了。那辆车1000多元。车被偷的那晚，北京大雪，杨佳雪中走6小时才到家。但无任何警察帮他找回那辆车。近日，日本游客丢车，武汉动用大量资源、一夜找回。一个在自己国土生活28年的杨佳，袭警前是该多么绝望。","","2012-02-22 19:32:47","","",8,131,"",NA,0,"2012-02-22","杨佳的姨妈说，杨佳工作一年多后辞职。因为他辛苦攒钱买的山地车丢了。那辆车1000多元。车被偷的那晚，北京大雪，杨佳雪中走6小时才到家。但无任何警察帮他找回那辆车。近日，日本游客丢车，武汉动用大量资源、一夜找回。一个在自己国土生活28年的杨佳，袭警前是该多么绝望。",5049,1.5625,0,1,54,0,1,12,0,0.929577464788732,71,0,0.945945945945946,37,289,0,1,872,0.00802752293577982,0.545871559633027,12,"m",TRUE,"2012-02-22",0
"uYC30OZZM","m5uulDzTPu","mkbaohleDh","uPVDON2JU","iPad客户端","0","市长这么难见，这就是最糟糕的现实。如果民意得到尊重，新闻有了发表的自由，这个场面绝不会出现。幸运的是，现在有了微博……","","2012-06-15 06:40:04","","",24,59,"",NA,0,"2012-06-15","市长这么难见，这就是最糟糕的现实。如果民意得到尊重，新闻有了发表的自由，这个场面绝不会出现。幸运的是，现在有了微博……",3991,0.520833333333333,0,0.962962962962963,189,0,0.935185185185185,108,0.0065359477124183,0.973856209150327,153,0,0.960526315789474,76,587,0,0.96763202725724,2062,0.0121241513094083,0.808923375363724,100,"m",TRUE,"2012-06-15",0
"uYC31JEEJ","mB1GZAtgpP","","","新浪微博","1","【政协委员提议恢复大清王朝】康熙十世孙、广州政协委员金复新表示，他准备走遍中国收集100万人签名，向全国人大请愿，在中国恢复君主制。恢复清皇室，并打算给20多个仍保留君主制的国家写信寻求支持。为彰显龙裔身份，其日常用品、服装更是非黄色不选，并日夜盼望能住进故宫。","","2012-07-06 08:38:23","","True",27,131,"",NA,1,"2012-07-06","【政协委员提议恢复大清王朝】康熙十世孙、广州政协委员金复新表示，他准备走遍中国收集100万人签名，向全国人大请愿，在中国恢复君主制。恢复清皇室，并打算给20多个仍保留君主制的国家写信寻求支持。为彰显龙裔身份，其日常用品、服装更是非黄色不选，并日夜盼望能住进故宫。",4692,1,0,1,76,0,1,76,NA,NA,0,NA,NA,0,79,0,1,703,0.0113798008534851,0.564722617354196,51,"m",TRUE,"2012-07-06",1
"uYC33VMHT","mppddvzyTN","mzqkQ6rMvi","uQHC0KCMD","皮皮时光机","0","太恐怖了！以后再也不敢了！切记切记！快转给亲朋好友看一下...","","2012-02-04 19:20:05","2012-02-06 05:11:31.179791","True",5,31,"2012-02-06 05:11:31",1.41071759259259,1,"2012-02-04","太恐怖了！以后再也不敢了！切记切记！快转给亲朋好友看一下...",3638,1,0,1,389,0,1,243,0,0.984962406015038,532,0,0.991525423728814,236,1507,0,1,14072,0.000142126208072769,0.890349630471859,44,"m",FALSE,"2012-02-04",1
"uYC35CMRY","mxMqkbpVmx","mEj6Ctos2Y","uDG02K5BK","新浪微博","0","科技无边界。这照片有点可笑！网络是愚民之术的致命天敌！！！！原始积累。很多曾经光彩耀人的历史今天却是某些人、某些制度不堪的耻辱。","","2012-03-02 07:15:37","2012-03-02 21:48:13.123154","True",9,64,"2012-03-02 21:48:13",0.605972222222222,1,"2012-03-02","科技无边界。这照片有点可笑！网络是愚民之术的致命天敌！！！！原始积累。很多曾经光彩耀人的历史今天却是某些人、某些制度不堪的耻辱。",540,1,0,0.991735537190083,121,0,0.984126984126984,63,0.0120481927710843,0.963855421686747,83,0,0.95,40,722,0,0.998614958448753,2901,0.00206825232678387,0.833160978972768,37,"f",TRUE,"2012-03-02",1
"uZNJISJ3Q","mU5hGsZvhq","mEmYtqFnNj","","新浪微博","0","华龙网官方微博消息称：有网友在两江论坛上公布了一张王立军精神状况诊断书，诊断书中写到：“专家根据患者临床表现，初步诊断患者目前存在抑郁状态和重度抑郁发作”。华龙网是重庆新闻门户网站，由中共重庆市委宣传部主管，重庆日报报业集团主办。","","2012-02-11 01:00:49","","",6,115,"",NA,0,"2012-02-11","华龙网官方微博消息称：有网友在两江论坛上公布了一张王立军精神状况诊断书，诊断书中写到：“专家根据患者临床表现，初步诊断患者目前存在抑郁状态和重度抑郁发作”。华龙网是重庆新闻门户网站，由中共重庆市委宣传部主管，重庆日报报业集团主办。",3015,0.78125,0,1,28,0,1,17,0,1,15,0,1,15,73,0,1,15,0,1,44,"m",TRUE,"2012-02-11",0
"uZQXR2F5Q","mEjjNxMtB1","mJG7C9T1Gs","uDZP0RUSJ","新浪微博","0","萧功秦按语：李是当年武汉红卫兵领袖，因擅杀对立派，在文革后被判多年徒刑。他已经大彻大悟，我与他相识。本文有价值，决非一般网文可比，让我们大开眼界。值得一读。","","2012-03-25 10:45:09","2012-03-25 21:30:35.029857","True",12,78,"2012-03-25 21:30:35",0.448217592592593,1,"2012-03-25","萧功秦按语：李是当年武汉红卫兵领袖，因擅杀对立派，在文革后被判多年徒刑。他已经大彻大悟，我与他相识。本文有价值，决非一般网文可比，让我们大开眼界。值得一读。",911,1,0.037037037037037,0.962962962962963,27,0,1,13,0,1,45,0,1,17,309,0.00970873786407767,0.857605177993528,1682,0.0172413793103448,0.54756242568371,11,"m",TRUE,"2012-03-25",1
"uZQXRGGOT","mEmpAdfSg7","m9INBOzhYk","u0VP4SKVU","360安全浏览器","0","历史的先生。反动言论，举报一个。呵呵","","2012-12-23 18:04:48","","",51,18,"",NA,0,"2012-12-23","历史的先生。反动言论，举报一个。呵呵",3037,1.5625,0.0265017667844523,0.924028268551237,566,0.036036036036036,0.905405405405405,222,0.0225225225225225,0.945945945945946,444,0.018450184501845,0.933579335793358,271,1372,0.0211370262390671,0.911078717201166,444,0.0225225225225225,0.945945945945946,21,"m",FALSE,"2012-12-23",0
"uZXK2ZJMN","mptJqZfM0P","mNlTloCrZX","u3JLNC2IP","新浪微博","0","其中12人拥有房产。43人是私人公司ceo，24人拥有自己的公司。26人是国营公司ceo","","2012-12-28 10:05:26","","",52,44,"",NA,0,"2012-12-28","其中12人拥有房产。43人是私人公司ceo，24人拥有自己的公司。26人是国营公司ceo",2784,1.5625,0.00591715976331361,0.946745562130177,169,0.0169491525423729,1,59,0,0.551020408163265,49,0,0.551020408163265,49,892,0.00112107623318386,0.95627802690583,49,0,0.551020408163265,31,"m",FALSE,"2012-12-28",0
"uZXYR2YJL","mjxT56UAJZ","","","享拍微博通","1","【温家宝之子出任中国卫通董事长】中国卫星通信集团公司召开董事会，选举温云松担任董事长。中国卫通是国资委管理的央企，中国六大电信运营商之一。据悉到2015年，其营收将达160亿元，成为亚洲最大、世界一流的卫星运营公司。称，温云松为中国总理温家宝之子。","","2012-02-22 09:47:33","","True",8,124,"",NA,1,"2012-02-22","【温家宝之子出任中国卫通董事长】中国卫星通信集团公司召开董事会，选举温云松担任董事长。中国卫通是国资委管理的央企，中国六大电信运营商之一。据悉到2015年，其营收将达160亿元，成为亚洲最大、世界一流的卫星运营公司。称，温云松为中国总理温家宝之子。",227,1,0,0.993548387096774,310,0,1,118,0,1,287,0,1,110,1463,0,0.997949419002051,10372,0.00115696104897802,0.752506748939452,44,"m",TRUE,"2012-02-22",1
"uZXYRP2GC","mxA6z3qVuY","mJK8qkj6IC","uKPJPHF5V","新浪微博","0","为人民服务的，人民都不会忘记他！军哥，你能感受到吗？这么多爱着你的人，没有忘记你，给你送来了生日的祝福！军哥，珍重、珍重、再珍重！！","","2012-12-26 22:10:38","2012-12-27 21:13:31.018547","True",52,66,"2012-12-27 21:13:31",0.960335648148148,1,"2012-12-26","为人民服务的，人民都不会忘记他！军哥，你能感受到吗？这么多爱着你的人，没有忘记你，给你送来了生日的祝福！军哥，珍重、珍重、再珍重！！",1993,1,0.0108527131782946,0.981395348837209,645,0.0127970749542962,0.989031078610603,547,0.192307692307692,0.884615384615385,26,0.192307692307692,0.884615384615385,26,645,0.0108527131782946,0.981395348837209,26,0.192307692307692,0.884615384615385,14,"m",FALSE,"2012-12-26",1
"uZXYUQ0DK","mU5uX9Psp5","mqeyd8MOSA","uBID0ZO0S","iPhone客户端","0","党外不让存在反对党，党内好不容易形成改革派，反动派仍然张牙舞爪。控制国资委的那伙人就是权贵利益集团的代言人。国资委其实是官资委，与老百姓毫无关系。60年前宣称要推翻的三座大山，前两座是海市蜃楼，第三座现在长成喜马拉雅山，60年前原本是个小山","","2012-05-17 07:49:53","","",20,120,"",NA,0,"2012-05-17","党外不让存在反对党，党内好不容易形成改革派，反动派仍然张牙舞爪。控制国资委的那伙人就是权贵利益集团的代言人。国资委其实是官资委，与老百姓毫无关系。60年前宣称要推翻的三座大山，前两座是海市蜃楼，第三座现在长成喜马拉雅山，60年前原本是个小山",2663,1.5625,0,0.94578313253012,332,0,0.928057553956835,139,0,0.832740213523132,281,0,0.897435897435897,117,2875,0.000695652173913044,0.857739130434783,6237,0.00625300625300625,0.838864838864839,34,"m",TRUE,"2012-05-17",0
